Semester,USN,Subject code 1,Subject Name1,Internal Marks1,External Marks1,Total,Attempt1,Result1(P/F),BCS502 ,Subject Name2,Internal Marks2,External Marks2,Total,Attempt2,Result2(P/F),Subject code 3,Subject Name3,Internal Marks3,External Marks3,Total3,Attempt3,Result3(P/F),Subject code 4,Subject Name4,Internal Marks4,External Marks4,Total4,Attempt4,Result4(P/F),Subject code 5,Subject Name5,Internal Marks5,External Marks5,Total5,Attempt5,Result5(P/F),Subject code 6,Subject Name6,Internal Marks6,External Marks6,Total6,Attempt6,Result6(P/F),Subject code7,Subject Name7,Internal Marks7,External Marks7,Total7,Attempt7,Result7(P/F),Subject code8,Subject Name8,Internal Marks8,External Marks8,Total8,Attempt8,Result8(P/F),Subject code9,Subject Name9,Internal Marks9,External Marks8,Total9,Attempt9,Result9(P/F),Passing_Year,SGPA
5,1CR22IS191,BCS501, SOFTWARE ENGINEERING AND PROJECT MANAGEMENT,26,8,34,1,F,BCS502 ,COMPUTER NETWORTKS,28,8,36,1,F,BCS503 ,THEORY OF COMPUTATION,33,9,42,1,F,BAIL504 ,DATA VISUALIZATION LAB,41,40,81,1,P,BIS586,MINI PROJECT,60,0,60,1,P,BRMK557, RESEARCH METHODOLOGY AND IPR,28,10,38,1,F,BCS508 ,ENVIRONMENTAL STUDIES AND E-WASTE MANAGEMENT,39,29,68,1,P,BCS515D, DISTRIBUTED SYSTEMS,27,6,33,1,F,BPRK559 ,PHYSICAL EDUCATION,78,0,78,1,P,26-01-2026,2.09
5,1CR23IS001,BCS501, SOFTWARE ENGINEERING AND PROJECT MANAGEMENT,22,11,33,1,F,BCS502 ,COMPUTER NETWORTKS,24,23,47,1,P,BCS503 ,THEORY OF COMPUTATION,22,18,40,1,P,BAIL504 ,DATA VISUALIZATION LAB,31,48,79,1,P,BIS586,MINI PROJECT,88,0,88,1,P,BRMK557, RESEARCH METHODOLOGY AND IPR,23,37,60,1,P,BCS508 ,ENVIRONMENTAL STUDIES AND E-WASTE MANAGEMENT,29,36,65,1,P,BCS515D, DISTRIBUTED SYSTEMS,22,31,53,1,P,BPRK559 ,PHYSICAL EDUCATION,70,0,70,1,P,26-01-2026,4.59
5,1CR23IS002,BCS501, SOFTWARE ENGINEERING AND PROJECT MANAGEMENT,47,26,73,1,P,BCS502,COMPUTER NETWORTKS,48,24,72,1,P,BCS503 ,THEORY OF COMPUTATION,48,29,77,1,P,BAIL504,DATA VISUALIZATION LAB,49,49,98,1,P,BIS586,MINI PROJECT,96,0,96,1,P,BRMK557, RESEARCH METHODOLOGY AND IPR,44,45,89,1,P,BCS508,ENVIRONMENTAL STUDIES AND E-WASTE MANAGEMENT,48,33,81,1,P,BCS515D, DISTRIBUTED SYSTEMS,46,30,76,1,P,BPRK559,PHYSICAL EDUCATION,82,0,82,1,P,26-01-2026,8.45
5,1CR23IS003,BCS501, SOFTWARE ENGINEERING AND PROJECT MANAGEMENT,43,23,66,1,P,BCS502,COMPUTER NETWORTKS,38,11,49,1,F,BCS503 ,THEORY OF COMPUTATION,36,29,65,1,P,BAIL504,DATA VISUALIZATION LAB,48,48,96,1,P,BIS586,MINI PROJECT,88,0,88,1,P,BRMK557, RESEARCH METHODOLOGY AND IPR,42,34,76,1,P,BCS508,ENVIRONMENTAL STUDIES AND E-WASTE MANAGEMENT,46,27,73,1,P,BCS515D, DISTRIBUTED SYSTEMS,36,21,57,1,P,BPRK559,PHYSICAL EDUCATION,75,0,75,1,P,26-01-2026,6.82
5,1CR23IS004,BCS501, SOFTWARE ENGINEERING AND PROJECT MANAGEMENT,38,21,59,1,P,BCS502,COMPUTER NETWORTKS,41,21,62,1,P,BCS503,THEORY OF COMPUTATION,39,32,71,1,P,BAIL504,DATA VISUALIZATION LAB,45,44,89,1,P,BIS586,MINI PROJECT,85,0,85,1,P,BRMK557, RESEARCH METHODOLOGY AND IPR,40,18,58,1,P,BCS508,ENVIRONMENTAL STUDIES AND E-WASTE MANAGEMENT,44,35,79,1,P,BCS515D, DISTRIBUTED SYSTEMS,24,26,50,1,P,BPRK559,NATIONAL SERVICE SCHEME,100,0,100,1,P,26-01-2026,6.91
5,1CR23IS005,BCS501, SOFTWARE ENGINEERING AND PROJECT MANAGEMENT,42,34,76,1,P,BCS502,COMPUTER NETWORTKS,37,25,62,1,P,BCS503,THEORY OF COMPUTATION,36,34,70,1,P,BAIL504,DATA VISUALIZATION LAB,39,49,88,1,P,BIS586,MINI PROJECT,93,0,93,1,P,BRMK557, RESEARCH METHODOLOGY AND IPR,42,34,76,1,P,BCS508,ENVIRONMENTAL STUDIES AND E-WASTE MANAGEMENT,33,31,64,1,P,BCS515D, DISTRIBUTED SYSTEMS,43,32,75,1,P,BPRK559,PHYSICAL EDUCATION,70,0,70,1,P,26-01-2026,8
5,1CR23IS006,BCS501, SOFTWARE ENGINEERING AND PROJECT MANAGEMENT,42,36,78,1,P,BCS502,COMPUTER NETWORTKS,41,32,73,1,P,BCS503,THEORY OF COMPUTATION,35,29,64,1,P,BAIL504,DATA VISUALIZATION LAB,46,48,94,1,P,BIS586,MINI PROJECT,90,0,90,1,P,BRMK557, RESEARCH METHODOLOGY AND IPR,35,38,73,1,P,BCS508,ENVIRONMENTAL STUDIES AND E-WASTE MANAGEMENT,41,33,74,1,P,BCS515D, DISTRIBUTED SYSTEMS,35,38,73,1,P,BPRK559,PHYSICAL EDUCATION,81,0,81,1,P,26-01-2026,8.09
5,1CR23IS007,BCS501, SOFTWARE ENGINEERING AND PROJECT MANAGEMENT,45,28,73,1,P,BCS502,COMPUTER NETWORTKS,39,18,57,1,P,BCS503,THEORY OF COMPUTATION,41,34,75,1,P,BAIL504,DATA VISUALIZATION LAB,49,50,99,1,P,BIS586,MINI PROJECT,89,0,89,1,P,BRMK557, RESEARCH METHODOLOGY AND IPR,41,30,71,1,P,BCS508,ENVIRONMENTAL STUDIES AND E-WASTE MANAGEMENT,47,33,80,1,P,BCS515D, DISTRIBUTED SYSTEMS,31,18,49,1,P,BPRK559,PHYSICAL EDUCATION,82,0,82,1,P,26-01-2026,7.32
5,1CR23IS008,BCS501, SOFTWARE ENGINEERING AND PROJECT MANAGEMENT,47,34,81,1,P,BCS502,COMPUTER NETWORTKS,48,37,85,1,P,BCS503,THEORY OF COMPUTATION,45,36,81,1,P,BAIL504,DATA VISUALIZATION LAB,48,49,97,1,P,BIS586,MINI PROJECT,95,0,95,1,P,BRMK557, RESEARCH METHODOLOGY AND IPR,47,38,85,1,P,BCS508,ENVIRONMENTAL STUDIES AND E-WASTE MANAGEMENT,45,28,73,1,P,BCS515D, DISTRIBUTED SYSTEMS,49,32,81,1,P,BPRK559,PHYSICAL EDUCATION,81,0,81,1,P,26-01-2026,9.09
5,1CR23IS009,BCS501, SOFTWARE ENGINEERING AND PROJECT MANAGEMENT,45,30,75,1,P,BCS502,COMPUTER NETWORTKS,46,24,70,1,P,BCS503,THEORY OF COMPUTATION,45,37,82,1,P,BAIL504,DATA VISUALIZATION LAB,49,48,97,1,P,BIS586,MINI PROJECT,92,0,92,1,P,BRMK557, RESEARCH METHODOLOGY AND IPR,45,40,85,1,P,BCS508,ENVIRONMENTAL STUDIES AND E-WASTE MANAGEMENT,43,31,74,1,P,BCS515D, DISTRIBUTED SYSTEMS,43,29,72,1,P,BPRK559,PHYSICAL EDUCATION,81,0,81,1,P,26-01-2026,8.59
5,1CR23IS010,BCS501, SOFTWARE ENGINEERING AND PROJECT MANAGEMENT,48,33,81,1,P,BCS502,COMPUTER NETWORTKS,40,27,67,1,P,BCS503,THEORY OF COMPUTATION,42,31,73,1,P,BAIL504,DATA VISUALIZATION LAB,49,48,97,1,P,BIS586,MINI PROJECT,95,0,95,1,P,BRMK557, RESEARCH METHODOLOGY AND IPR,45,31,76,1,P,BCS508,ENVIRONMENTAL STUDIES AND E-WASTE MANAGEMENT,47,36,83,1,P,BCS515D, DISTRIBUTED SYSTEMS,40,43,83,1,P,BPRK559,NATIONAL SERVICE SCHEME,90,0,90,1,P,26-01-2026,8.45
5,1CR23IS011,BCS501, SOFTWARE ENGINEERING AND PROJECT MANAGEMENT,38,32,70,1,P,BCS502,COMPUTER NETWORTKS,40,33,73,1,P,BCS503,THEORY OF COMPUTATION,38,33,71,1,P,BAIL504,DATA VISUALIZATION LAB,45,49,94,1,P,BIS586,MINI PROJECT,84,0,84,1,P,BRMK557, RESEARCH METHODOLOGY AND IPR,41,23,64,1,P,BCS508,ENVIRONMENTAL STUDIES AND E-WASTE MANAGEMENT,46,32,78,1,P,BCS515D, DISTRIBUTED SYSTEMS,39,30,69,1,P,BPRK559,PHYSICAL EDUCATION,78,0,78,1,P,26-01-2026,7.91
5,1CR23IS012,BCS501, SOFTWARE ENGINEERING AND PROJECT MANAGEMENT,44,28,72,1,P,BCS502,COMPUTER NETWORTKS,42,37,79,1,P,BCS503,THEORY OF COMPUTATION,38,28,66,1,P,BAIL504,DATA VISUALIZATION LAB,49,48,97,1,P,BIS586,MINI PROJECT,96,0,96,1,P,BRMK557, RESEARCH METHODOLOGY AND IPR,41,41,82,1,P,BCS508,ENVIRONMENTAL STUDIES AND E-WASTE MANAGEMENT,46,38,84,1,P,BCS515D, DISTRIBUTED SYSTEMS,43,34,77,1,P,BPRK559,PHYSICAL EDUCATION,81,0,81,1,P,26-01-2026,8.27
5,1CR23IS013,BCS501, SOFTWARE ENGINEERING AND PROJECT MANAGEMENT,31,18,49,1,P,BCS502,COMPUTER NETWORTKS,36,24,60,1,P,BCS503,THEORY OF COMPUTATION,24,39,63,1,P,BAIL504,DATA VISUALIZATION LAB,45,45,90,1,P,BIS586,MINI PROJECT,83,0,83,1,P,BRMK557, RESEARCH METHODOLOGY AND IPR,36,18,54,1,P,BCS508,ENVIRONMENTAL STUDIES AND E-WASTE MANAGEMENT,43,29,72,1,P,BCS515D, DISTRIBUTED SYSTEMS,25,24,49,1,P,BPRK559,YOGA,50,0,50,1,P,26-01-2026,6.14
5,1CR23IS014,BCS501, SOFTWARE ENGINEERING AND PROJECT MANAGEMENT,35,21,56,1,P,BCS502,COMPUTER NETWORTKS,40,13,53,1,F,BCS503,THEORY OF COMPUTATION,46,28,74,1,P,BAIL504,DATA VISUALIZATION LAB,46,43,89,1,P,BIS586,MINI PROJECT,93,0,93,1,P,BRMK557, RESEARCH METHODOLOGY AND IPR,40,7,47,1,F,BCS508,ENVIRONMENTAL STUDIES AND E-WASTE MANAGEMENT,48,36,84,1,P,BCS515D, DISTRIBUTED SYSTEMS,39,22,61,1,P,BPRK559,NATIONAL SERVICE SCHEME,100,0,100,1,P,26-01-2026,6.68
5,1CR23IS015,BCS501, SOFTWARE ENGINEERING AND PROJECT MANAGEMENT,42,32,74,1,P,BCS502,COMPUTER NETWORTKS,43,23,66,1,P,BCS503,THEORY OF COMPUTATION,40,18,58,1,P,BAIL504,DATA VISUALIZATION LAB,47,45,92,1,P,BIS586,MINI PROJECT,95,0,95,1,P,BRMK557, RESEARCH METHODOLOGY AND IPR,43,21,64,1,P,BCS508,ENVIRONMENTAL STUDIES AND E-WASTE MANAGEMENT,46,32,78,1,P,BCS515D, DISTRIBUTED SYSTEMS,41,35,76,1,P,BPRK559,PHYSICAL EDUCATION,81,0,81,1,P,26-01-2026,7.59
5,1CR23IS016,BCS501, SOFTWARE ENGINEERING AND PROJECT MANAGEMENT,42,25,67,1,P,BCS502,COMPUTER NETWORTKS,33,18,51,1,P,BCS503,THEORY OF COMPUTATION,37,24,61,1,P,BAIL504,DATA VISUALIZATION LAB,47,45,92,1,P,BIS586,MINI PROJECT,84,0,84,1,P,BRMK557, RESEARCH METHODOLOGY AND IPR,41,31,72,1,P,BCS508,ENVIRONMENTAL STUDIES AND E-WASTE MANAGEMENT,47,39,86,1,P,BCS515D, DISTRIBUTED SYSTEMS,32,34,66,1,P,BPRK559,YOGA,76,0,76,1,P,26-01-2026,7.18
5,1CR23IS017,BCS501, SOFTWARE ENGINEERING AND PROJECT MANAGEMENT,49,26,75,1,P,BCS502,COMPUTER NETWORTKS,49,25,74,1,P,BCS503,THEORY OF COMPUTATION,48,32,80,1,P,BAIL504,DATA VISUALIZATION LAB,49,48,97,1,P,BIS586,MINI PROJECT,91,0,91,1,P,BRMK557, RESEARCH METHODOLOGY AND IPR,45,41,86,1,P,BCS508,ENVIRONMENTAL STUDIES AND E-WASTE MANAGEMENT,47,31,78,1,P,BCS515D, DISTRIBUTED SYSTEMS,44,39,83,1,P,BPRK559,NATIONAL SERVICE SCHEME,100,0,100,1,P,26-01-2026,8.73
5,1CR23IS018,BCS501, SOFTWARE ENGINEERING AND PROJECT MANAGEMENT,46,34,80,1,P,BCS502,COMPUTER NETWORTKS,46,21,67,1,P,BCS503,THEORY OF COMPUTATION,47,26,73,1,P,BAIL504,DATA VISUALIZATION LAB,48,48,96,1,P,BIS586,MINI PROJECT,87,0,87,1,P,BRMK557, RESEARCH METHODOLOGY AND IPR,43,40,83,1,P,BCS508,ENVIRONMENTAL STUDIES AND E-WASTE MANAGEMENT,48,35,83,1,P,BCS515D, DISTRIBUTED SYSTEMS,48,30,78,1,P,BPRK559,PHYSICAL EDUCATION,81,0,81,1,P,26-01-2026,8.36
5,1CR23IS019,BCS501, SOFTWARE ENGINEERING AND PROJECT MANAGEMENT,47,24,71,1,P,BCS502,COMPUTER NETWORTKS,45,21,66,1,P,BCS503,THEORY OF COMPUTATION,46,18,64,1,P,BAIL504,DATA VISUALIZATION LAB,49,43,92,1,P,BIS586,MINI PROJECT,95,0,95,1,P,BRMK557, RESEARCH METHODOLOGY AND IPR,41,25,66,1,P,BCS508,ENVIRONMENTAL STUDIES AND E-WASTE MANAGEMENT,49,28,77,1,P,BCS515D, DISTRIBUTED SYSTEMS,43,31,74,1,P,BPRK559,PHYSICAL EDUCATION,80,0,80,1,P,26-01-2026,7.77
5,1CR23IS020,BCS501, SOFTWARE ENGINEERING AND PROJECT MANAGEMENT,22,20,42,1,P,BCS502,COMPUTER NETWORTKS,25,7,32,1,F,BCS503,THEORY OF COMPUTATION,22,3,25,1,F,BAIL504,DATA VISUALIZATION LAB,22,0,22,1,A,BIS586,MINI PROJECT,78,0,78,1,P,BRMK557, RESEARCH METHODOLOGY AND IPR,22,9,31,1,F,BCS508,ENVIRONMENTAL STUDIES AND E-WASTE MANAGEMENT,22,34,56,1,P,BCS515D, DISTRIBUTED SYSTEMS,22,6,28,1,F,BPRK559,PHYSICAL EDUCATION,60,0,60,1,P,26-01-2026,1.73
5,1CR23IS021,BCS501, SOFTWARE ENGINEERING AND PROJECT MANAGEMENT,40,32,72,1,P,BCS502,COMPUTER NETWORTKS,41,35,76,1,P,BCS503,THEORY OF COMPUTATION,43,30,73,1,P,BAIL504,DATA VISUALIZATION LAB,47,45,92,1,P,BIS586,MINI PROJECT,92,0,92,1,P,BRMK557, RESEARCH METHODOLOGY AND IPR,41,20,61,1,P,BCS508,ENVIRONMENTAL STUDIES AND E-WASTE MANAGEMENT,45,31,76,1,P,BCS515D, DISTRIBUTED SYSTEMS,44,28,72,1,P,BPRK559,YOGA,85,0,85,1,P,26-01-2026,8.14
5,1CR23IS022,BCS501, SOFTWARE ENGINEERING AND PROJECT MANAGEMENT,33,26,59,1,P,BCS502,COMPUTER NETWORTKS,38,22,60,1,P,BCS503,THEORY OF COMPUTATION,39,37,76,1,P,BAIL504,DATA VISUALIZATION LAB,48,45,93,1,P,BIS586,MINI PROJECT,89,0,89,1,P,BRMK557, RESEARCH METHODOLOGY AND IPR,36,31,67,1,P,BCS508,ENVIRONMENTAL STUDIES AND E-WASTE MANAGEMENT,41,27,68,1,P,BCS515D, DISTRIBUTED SYSTEMS,40,18,58,1,P,BPRK559,PHYSICAL EDUCATION,79,0,79,1,P,26-01-2026,7.18
5,1CR23IS023,BCS501, SOFTWARE ENGINEERING AND PROJECT MANAGEMENT,40,0,40,1,A,BCS502,COMPUTER NETWORTKS,40,0,40,1,A,BCS503,THEORY OF COMPUTATION,38,0,38,1,A,BAIL504,DATA VISUALIZATION LAB,38,0,38,1,A,BIS586,MINI PROJECT,90,0,90,1,P,BRMK557, RESEARCH METHODOLOGY AND IPR,38,0,38,1,A,BCS508,ENVIRONMENTAL STUDIES AND E-WASTE MANAGEMENT,40,0,40,1,A,BCS515D, DISTRIBUTED SYSTEMS,39,0,39,1,A,BPRK559,PHYSICAL EDUCATION,80,0,80,1,P,26-01-2026,2.55
5,1CR23IS024,BCS501, SOFTWARE ENGINEERING AND PROJECT MANAGEMENT,35,18,53,1,P,BCS502,COMPUTER NETWORTKS,37,23,60,1,P,BCS503,THEORY OF COMPUTATION,32,18,50,1,P,BAIL504,DATA VISUALIZATION LAB,41,43,84,1,P,BIS586,MINI PROJECT,77,0,77,1,P,BRMK557, RESEARCH METHODOLOGY AND IPR,34,18,52,1,P,BCS508,ENVIRONMENTAL STUDIES AND E-WASTE MANAGEMENT,42,30,72,1,P,BCS515D, DISTRIBUTED SYSTEMS,24,22,46,1,P,BPRK559,PHYSICAL EDUCATION,81,0,81,1,P,26-01-2026,5.82
5,1CR23IS025,BCS501, SOFTWARE ENGINEERING AND PROJECT MANAGEMENT,38,35,73,1,P,BCS502,COMPUTER NETWORTKS,38,34,72,1,P,BCS503,THEORY OF COMPUTATION,41,31,72,1,P,BAIL504,DATA VISUALIZATION LAB,44,45,89,1,P,BIS586,MINI PROJECT,90,0,90,1,P,BRMK557, RESEARCH METHODOLOGY AND IPR,45,21,66,1,P,BCS508,ENVIRONMENTAL STUDIES AND E-WASTE MANAGEMENT,46,34,80,1,P,BCS515D, DISTRIBUTED SYSTEMS,46,28,74,1,P,BPRK559,PHYSICAL EDUCATION,78,0,78,1,P,26-01-2026,8.14
5,1CR23IS026,BCS501, SOFTWARE ENGINEERING AND PROJECT MANAGEMENT,42,23,65,1,P,BCS502,COMPUTER NETWORTKS,46,24,70,1,P,BCS503,THEORY OF COMPUTATION,41,40,81,1,P,BAIL504,DATA VISUALIZATION LAB,45,48,93,1,P,BIS586,MINI PROJECT,93,0,93,1,P,BRMK557, RESEARCH METHODOLOGY AND IPR,40,31,71,1,P,BCS508,ENVIRONMENTAL STUDIES AND E-WASTE MANAGEMENT,46,41,87,1,P,BCS515D, DISTRIBUTED SYSTEMS,31,25,56,1,P,BPRK559,NATIONAL SERVICE SCHEME,100,0,100,1,P,26-01-2026,8.05
5,1CR23IS027,BCS501, SOFTWARE ENGINEERING AND PROJECT MANAGEMENT,42,34,76,1,P,BCS502,COMPUTER NETWORTKS,42,32,74,1,P,BCS503,THEORY OF COMPUTATION,45,36,81,1,P,BAIL504,DATA VISUALIZATION LAB,47,45,92,1,P,BIS586,MINI PROJECT,96,0,96,1,P,BRMK557, RESEARCH METHODOLOGY AND IPR,45,41,86,1,P,BCS508,ENVIRONMENTAL STUDIES AND E-WASTE MANAGEMENT,47,36,83,1,P,BCS515D, DISTRIBUTED SYSTEMS,37,42,79,1,P,BPRK559,PHYSICAL EDUCATION,79,0,79,1,P,26-01-2026,8.64
5,1CR23IS028,BCS501, SOFTWARE ENGINEERING AND PROJECT MANAGEMENT,40,27,67,1,P,BCS502,COMPUTER NETWORTKS,43,18,61,1,P,BCS503,THEORY OF COMPUTATION,35,30,65,1,P,BAIL504,DATA VISUALIZATION LAB,47,45,92,1,P,BIS586,MINI PROJECT,99,0,99,1,P,BRMK557, RESEARCH METHODOLOGY AND IPR,42,27,69,1,P,BCS508,ENVIRONMENTAL STUDIES AND E-WASTE MANAGEMENT,45,32,77,1,P,BCS515D, DISTRIBUTED SYSTEMS,33,23,56,1,P,BPRK559,PHYSICAL EDUCATION,93,0,93,1,P,26-01-2026,7.32
5,1CR23IS029,BCS501, SOFTWARE ENGINEERING AND PROJECT MANAGEMENT,37,21,58,1,P,BCS502,COMPUTER NETWORTKS,37,24,61,1,P,BCS503,THEORY OF COMPUTATION,34,21,55,1,P,BAIL504,DATA VISUALIZATION LAB,48,48,96,1,P,BIS586,MINI PROJECT,85,0,85,1,P,BRMK557, RESEARCH METHODOLOGY AND IPR,32,35,67,1,P,BCS508,ENVIRONMENTAL STUDIES AND E-WASTE MANAGEMENT,44,30,74,1,P,BCS515D, DISTRIBUTED SYSTEMS,23,26,49,1,P,BPRK559,NATIONAL SERVICE SCHEME,100,0,100,1,P,26-01-2026,6.59
5,1CR23IS030,BCS501, SOFTWARE ENGINEERING AND PROJECT MANAGEMENT,42,19,61,1,P,BCS502,COMPUTER NETWORTKS,41,26,67,1,P,BCS503,THEORY OF COMPUTATION,39,29,68,1,P,BAIL504,DATA VISUALIZATION LAB,47,45,92,1,P,BIS586,MINI PROJECT,96,0,96,1,P,BRMK557, RESEARCH METHODOLOGY AND IPR,40,25,65,1,P,BCS508,ENVIRONMENTAL STUDIES AND E-WASTE MANAGEMENT,44,32,76,1,P,BCS515D, DISTRIBUTED SYSTEMS,30,22,52,1,P,BPRK559,PHYSICAL EDUCATION,78,0,78,1,P,26-01-2026,7.18
5,1CR23IS031,BCS501, SOFTWARE ENGINEERING AND PROJECT MANAGEMENT,45,33,78,1,P,BCS502,COMPUTER NETWORTKS,43,33,76,1,P,BCS503,THEORY OF COMPUTATION,40,27,67,1,P,BAIL504,DATA VISUALIZATION LAB,48,45,93,1,P,BIS586,MINI PROJECT,90,0,90,1,P,BRMK557, RESEARCH METHODOLOGY AND IPR,42,34,76,1,P,BCS508,ENVIRONMENTAL STUDIES AND E-WASTE MANAGEMENT,47,33,80,1,P,BCS515D, DISTRIBUTED SYSTEMS,46,29,75,1,P,BPRK559,NATIONAL SERVICE SCHEME,90,0,90,1,P,26-01-2026,8.14
5,1CR23IS032,BCS501, SOFTWARE ENGINEERING AND PROJECT MANAGEMENT,47,42,89,1,P,BCS502,COMPUTER NETWORTKS,46,34,80,1,P,BCS503,THEORY OF COMPUTATION,46,41,87,1,P,BAIL504,DATA VISUALIZATION LAB,49,48,97,1,P,BIS586,MINI PROJECT,97,0,97,1,P,BRMK557, RESEARCH METHODOLOGY AND IPR,46,25,71,1,P,BCS508,ENVIRONMENTAL STUDIES AND E-WASTE MANAGEMENT,46,34,80,1,P,BCS515D, DISTRIBUTED SYSTEMS,48,29,77,1,P,BPRK559,PHYSICAL EDUCATION,79,0,79,1,P,26-01-2026,8.86
5,1CR23IS033,BCS501, SOFTWARE ENGINEERING AND PROJECT MANAGEMENT,30,32,62,1,P,BCS502,COMPUTER NETWORTKS,38,18,56,1,P,BCS503,THEORY OF COMPUTATION,37,9,46,1,F,BAIL504,DATA VISUALIZATION LAB,39,43,82,1,P,BIS586,MINI PROJECT,82,0,82,1,P,BRMK557, RESEARCH METHODOLOGY AND IPR,30,25,55,1,P,BCS508,ENVIRONMENTAL STUDIES AND E-WASTE MANAGEMENT,40,24,64,1,P,BCS515D, DISTRIBUTED SYSTEMS,25,28,53,1,P,BPRK559,PHYSICAL EDUCATION,81,0,81,1,P,26-01-2026,6.14
5,1CR23IS034,BCS501, SOFTWARE ENGINEERING AND PROJECT MANAGEMENT,31,27,58,1,P,BCS502,COMPUTER NETWORTKS,29,24,53,1,P,BCS503,THEORY OF COMPUTATION,27,27,54,1,P,BAIL504,DATA VISUALIZATION LAB,45,45,90,1,P,BIS586,MINI PROJECT,86,0,86,1,P,BRMK557, RESEARCH METHODOLOGY AND IPR,36,28,64,1,P,BCS508,ENVIRONMENTAL STUDIES AND E-WASTE MANAGEMENT,41,26,67,1,P,BCS515D, DISTRIBUTED SYSTEMS,30,32,62,1,P,BPRK559,NATIONAL SERVICE SCHEME,90,0,90,1,P,26-01-2026,6.41
5,1CR23IS035,BCS501, SOFTWARE ENGINEERING AND PROJECT MANAGEMENT,36,36,72,1,P,BCS502,COMPUTER NETWORTKS,42,22,64,1,P,BCS503,THEORY OF COMPUTATION,37,24,61,1,P,BAIL504,DATA VISUALIZATION LAB,47,45,92,1,P,BIS586,MINI PROJECT,95,0,95,1,P,BRMK557, RESEARCH METHODOLOGY AND IPR,38,30,68,1,P,BCS508,ENVIRONMENTAL STUDIES AND E-WASTE MANAGEMENT,43,31,74,1,P,BCS515D, DISTRIBUTED SYSTEMS,32,23,55,1,P,BPRK559,PHYSICAL EDUCATION,82,0,82,1,P,26-01-2026,7.5
5,1CR23IS036,BCS501, SOFTWARE ENGINEERING AND PROJECT MANAGEMENT,28,20,48,1,P,BCS502,COMPUTER NETWORTKS,32,25,57,1,P,BCS503,THEORY OF COMPUTATION,24,31,55,1,P,BAIL504,DATA VISUALIZATION LAB,45,48,93,1,P,BIS586,MINI PROJECT,77,0,77,1,P,BRMK557, RESEARCH METHODOLOGY AND IPR,27,30,57,1,P,BCS508,ENVIRONMENTAL STUDIES AND E-WASTE MANAGEMENT,40,30,70,1,P,BCS515D, DISTRIBUTED SYSTEMS,22,23,45,1,P,BPRK559,NATIONAL SERVICE SCHEME,100,0,100,1,P,26-01-2026,5.82
5,1CR23IS037,BCS501, SOFTWARE ENGINEERING AND PROJECT MANAGEMENT,48,33,81,1,P,BCS502,COMPUTER NETWORTKS,47,33,80,1,P,BCS503,THEORY OF COMPUTATION,47,33,80,1,P,BAIL504,DATA VISUALIZATION LAB,48,48,96,1,P,BIS586,MINI PROJECT,91,0,91,1,P,BRMK557, RESEARCH METHODOLOGY AND IPR,47,42,89,1,P,BCS508,ENVIRONMENTAL STUDIES AND E-WASTE MANAGEMENT,48,36,84,1,P,BCS515D, DISTRIBUTED SYSTEMS,45,36,81,1,P,BPRK559,NATIONAL SERVICE SCHEME,100,0,100,1,P,26-01-2026,9.14
5,1CR23IS038,BCS501, SOFTWARE ENGINEERING AND PROJECT MANAGEMENT,35,19,54,1,P,BCS502,COMPUTER NETWORTKS,31,28,59,1,P,BCS503,THEORY OF COMPUTATION,27,35,62,1,P,BAIL504,DATA VISUALIZATION LAB,36,43,79,1,P,BIS586,MINI PROJECT,86,0,86,1,P,BRMK557, RESEARCH METHODOLOGY AND IPR,25,24,49,1,P,BCS508,ENVIRONMENTAL STUDIES AND E-WASTE MANAGEMENT,31,19,50,1,P,BCS515D, DISTRIBUTED SYSTEMS,26,33,59,1,P,BPRK559,NATIONAL SERVICE SCHEME,90,0,90,1,P,26-01-2026,6.05
5,1CR23IS039,BCS501, SOFTWARE ENGINEERING AND PROJECT MANAGEMENT,45,30,75,1,P,BCS502,COMPUTER NETWORTKS,43,32,75,1,P,BCS503,THEORY OF COMPUTATION,44,44,88,1,P,BAIL504,DATA VISUALIZATION LAB,48,45,93,1,P,BIS586,MINI PROJECT,94,0,94,1,P,BRMK557, RESEARCH METHODOLOGY AND IPR,46,29,75,1,P,BCS508,ENVIRONMENTAL STUDIES AND E-WASTE MANAGEMENT,47,32,79,1,P,BCS515D, DISTRIBUTED SYSTEMS,45,36,81,1,P,BPRK559,NATIONAL SERVICE SCHEME,100,0,100,1,P,26-01-2026,8.59
5,1CR23IS040,BCS501, SOFTWARE ENGINEERING AND PROJECT MANAGEMENT,33,27,60,1,P,BCS502,COMPUTER NETWORTKS,40,25,65,1,P,BCS503,THEORY OF COMPUTATION,30,12,42,1,F,BAIL504,DATA VISUALIZATION LAB,46,45,91,1,P,BIS586,MINI PROJECT,91,0,91,1,P,BRMK557, RESEARCH METHODOLOGY AND IPR,22,37,59,1,P,BCS508,ENVIRONMENTAL STUDIES AND E-WASTE MANAGEMENT,44,26,70,1,P,BCS515D, DISTRIBUTED SYSTEMS,27,19,46,1,P,BPRK559,NATIONAL SERVICE SCHEME,90,0,90,1,P,26-01-2026,6.36
5,1CR23IS041,BCS501, SOFTWARE ENGINEERING AND PROJECT MANAGEMENT,50,38,88,1,P,BCS502,COMPUTER NETWORTKS,48,35,83,1,P,BCS503,THEORY OF COMPUTATION,50,46,96,1,P,BAIL504,DATA VISUALIZATION LAB,50,50,100,1,P,BIS586,MINI PROJECT,98,0,98,1,P,BRMK557, RESEARCH METHODOLOGY AND IPR,47,43,90,1,P,BCS508,ENVIRONMENTAL STUDIES AND E-WASTE MANAGEMENT,50,39,89,1,P,BCS515D, DISTRIBUTED SYSTEMS,50,35,85,1,P,BPRK559,NATIONAL SERVICE SCHEME,90,0,90,1,P,26-01-2026,9.45
5,1CR23IS042,BCS501, SOFTWARE ENGINEERING AND PROJECT MANAGEMENT,47,24,71,1,P,BCS502,COMPUTER NETWORTKS,45,30,75,1,P,BCS503,THEORY OF COMPUTATION,48,30,78,1,P,BAIL504,DATA VISUALIZATION LAB,49,45,94,1,P,BIS586,MINI PROJECT,90,0,90,1,P,BRMK557, RESEARCH METHODOLOGY AND IPR,47,27,74,1,P,BCS508,ENVIRONMENTAL STUDIES AND E-WASTE MANAGEMENT,48,42,90,1,P,BCS515D, DISTRIBUTED SYSTEMS,47,35,82,1,P,BPRK559,PHYSICAL EDUCATION,79,0,79,1,P,26-01-2026,8.5
5,1CR23IS043,BCS501, SOFTWARE ENGINEERING AND PROJECT MANAGEMENT,46,37,83,1,P,BCS502,COMPUTER NETWORTKS,42,31,73,1,P,BCS503,THEORY OF COMPUTATION,42,39,81,1,P,BAIL504,DATA VISUALIZATION LAB,48,45,93,1,P,BIS586,MINI PROJECT,98,0,98,1,P,BRMK557, RESEARCH METHODOLOGY AND IPR,41,33,74,1,P,BCS508,ENVIRONMENTAL STUDIES AND E-WASTE MANAGEMENT,49,37,86,1,P,BCS515D, DISTRIBUTED SYSTEMS,47,39,86,1,P,BPRK559,YOGA,86,0,86,1,P,26-01-2026,8.82
5,1CR23IS045,BCS501, SOFTWARE ENGINEERING AND PROJECT MANAGEMENT,36,25,61,1,P,BCS502,COMPUTER NETWORTKS,43,28,71,1,P,BCS503,THEORY OF COMPUTATION,39,29,68,1,P,BAIL504,DATA VISUALIZATION LAB,49,46,95,1,P,BIS586,MINI PROJECT,93,0,93,1,P,BRMK557, RESEARCH METHODOLOGY AND IPR,38,37,75,1,P,BCS508,ENVIRONMENTAL STUDIES AND E-WASTE MANAGEMENT,47,32,79,1,P,BCS515D, DISTRIBUTED SYSTEMS,38,36,74,1,P,BPRK559,NATIONAL SERVICE SCHEME,100,0,100,1,P,26-01-2026,7.91
5,1CR23IS046,BCS501, SOFTWARE ENGINEERING AND PROJECT MANAGEMENT,41,30,71,1,P,BCS502,COMPUTER NETWORTKS,37,26,63,1,P,BCS503,THEORY OF COMPUTATION,37,23,60,1,P,BAIL504,DATA VISUALIZATION LAB,45,43,88,1,P,BIS586,MINI PROJECT,96,0,96,1,P,BRMK557, RESEARCH METHODOLOGY AND IPR,33,27,60,1,P,BCS508,ENVIRONMENTAL STUDIES AND E-WASTE MANAGEMENT,45,36,81,1,P,BCS515D, DISTRIBUTED SYSTEMS,23,20,43,1,P,BPRK559,PHYSICAL EDUCATION,95,0,95,1,P,26-01-2026,7.23
5,1CR23IS047,BCS501, SOFTWARE ENGINEERING AND PROJECT MANAGEMENT,29,19,48,1,P,BCS502,COMPUTER NETWORTKS,32,16,48,1,F,BCS503,THEORY OF COMPUTATION,27,20,47,1,P,BAIL504,DATA VISUALIZATION LAB,40,48,88,1,P,BIS586,MINI PROJECT,87,0,87,1,P,BRMK557, RESEARCH METHODOLOGY AND IPR,28,38,66,1,P,BCS508,ENVIRONMENTAL STUDIES AND E-WASTE MANAGEMENT,31,31,62,1,P,BCS515D, DISTRIBUTED SYSTEMS,22,18,40,1,P,BPRK559,PHYSICAL EDUCATION,60,0,60,1,P,26-01-2026,5.23
5,1CR23IS048,BCS501, SOFTWARE ENGINEERING AND PROJECT MANAGEMENT,43,35,78,1,P,BCS502,COMPUTER NETWORTKS,43,31,74,1,P,BCS503,THEORY OF COMPUTATION,41,31,72,1,P,BAIL504,DATA VISUALIZATION LAB,48,48,96,1,P,BIS586,MINI PROJECT,96,0,96,1,P,BRMK557, RESEARCH METHODOLOGY AND IPR,40,34,74,1,P,BCS508,ENVIRONMENTAL STUDIES AND E-WASTE MANAGEMENT,48,29,77,1,P,BCS515D, DISTRIBUTED SYSTEMS,33,43,76,1,P,BPRK559,NATIONAL SERVICE SCHEME,100,0,100,1,P,26-01-2026,8.27
5,1CR23IS049,BCS501, SOFTWARE ENGINEERING AND PROJECT MANAGEMENT,33,34,67,1,P,BCS502,COMPUTER NETWORTKS,39,24,63,1,P,BCS503,THEORY OF COMPUTATION,39,34,73,1,P,BAIL504,DATA VISUALIZATION LAB,48,45,93,1,P,BIS586,MINI PROJECT,90,0,90,1,P,BRMK557, RESEARCH METHODOLOGY AND IPR,36,29,65,1,P,BCS508,ENVIRONMENTAL STUDIES AND E-WASTE MANAGEMENT,46,29,75,1,P,BCS515D, DISTRIBUTED SYSTEMS,33,23,56,1,P,BPRK559,PHYSICAL EDUCATION,96,0,96,1,P,26-01-2026,7.5
5,1CR23IS050,BCS501, SOFTWARE ENGINEERING AND PROJECT MANAGEMENT,44,23,67,1,P,BCS502,COMPUTER NETWORTKS,48,25,73,1,P,BCS503,THEORY OF COMPUTATION,41,33,74,1,P,BAIL504,DATA VISUALIZATION LAB,49,45,94,1,P,BIS586,MINI PROJECT,93,0,93,1,P,BRMK557, RESEARCH METHODOLOGY AND IPR,42,39,81,1,P,BCS508,ENVIRONMENTAL STUDIES AND E-WASTE MANAGEMENT,47,30,77,1,P,BCS515D, DISTRIBUTED SYSTEMS,39,40,79,1,P,BPRK559,PHYSICAL EDUCATION,76,0,76,1,P,26-01-2026,8.23
5,1CR23IS051,BCS501, SOFTWARE ENGINEERING AND PROJECT MANAGEMENT,47,38,85,1,P,BCS502,COMPUTER NETWORTKS,46,20,66,1,P,BCS503,THEORY OF COMPUTATION,45,31,76,1,P,BAIL504,DATA VISUALIZATION LAB,50,50,100,1,P,BIS586,MINI PROJECT,96,0,96,1,P,BRMK557, RESEARCH METHODOLOGY AND IPR,44,31,75,1,P,BCS508,ENVIRONMENTAL STUDIES AND E-WASTE MANAGEMENT,45,38,83,1,P,BCS515D, DISTRIBUTED SYSTEMS,44,39,83,1,P,BPRK559,NATIONAL SERVICE SCHEME,90,0,90,1,P,26-01-2026,8.45
5,1CR23IS052,BCS501, SOFTWARE ENGINEERING AND PROJECT MANAGEMENT,34,23,57,1,P,BCS502,COMPUTER NETWORTKS,39,20,59,1,P,BCS503,THEORY OF COMPUTATION,34,14,48,1,F,BAIL504,DATA VISUALIZATION LAB,48,48,96,1,P,BIS586,MINI PROJECT,94,0,94,1,P,BRMK557, RESEARCH METHODOLOGY AND IPR,29,30,59,1,P,BCS508,ENVIRONMENTAL STUDIES AND E-WASTE MANAGEMENT,44,25,69,1,P,BCS515D, DISTRIBUTED SYSTEMS,25,26,51,1,P,BPRK559,NATIONAL SERVICE SCHEME,100,0,100,1,P,26-01-2026,6.09
5,1CR23IS053,BCS501, SOFTWARE ENGINEERING AND PROJECT MANAGEMENT,22,6,28,1,F,BCS502,COMPUTER NETWORTKS,31,11,42,1,F,BCS503,THEORY OF COMPUTATION,22,3,25,1,F,BAIL504,DATA VISUALIZATION LAB,22,43,65,1,P,BIS586,MINI PROJECT,78,0,78,1,P,BRMK557, RESEARCH METHODOLOGY AND IPR,23,22,45,1,P,BCS508,ENVIRONMENTAL STUDIES AND E-WASTE MANAGEMENT,22,28,50,1,P,BCS515D, DISTRIBUTED SYSTEMS,22,12,34,1,F,BPRK559,PHYSICAL EDUCATION,60,0,60,1,P,26-01-2026,2.55
5,1CR23IS054,BCS501, SOFTWARE ENGINEERING AND PROJECT MANAGEMENT,40,27,67,1,P,BCS502,COMPUTER NETWORTKS,47,25,72,1,P,BCS503,THEORY OF COMPUTATION,45,34,79,1,P,BAIL504,DATA VISUALIZATION LAB,45,45,90,1,P,BIS586,MINI PROJECT,90,0,90,1,P,BRMK557, RESEARCH METHODOLOGY AND IPR,40,29,69,1,P,BCS508,ENVIRONMENTAL STUDIES AND E-WASTE MANAGEMENT,44,31,75,1,P,BCS515D, DISTRIBUTED SYSTEMS,46,41,87,1,P,BPRK559,NATIONAL SERVICE SCHEME,90,0,90,1,P,26-01-2026,8.09
5,1CR23IS055,BCS501, SOFTWARE ENGINEERING AND PROJECT MANAGEMENT,34,21,55,1,P,BCS502,COMPUTER NETWORTKS,38,20,58,1,P,BCS503,THEORY OF COMPUTATION,27,29,56,1,P,BAIL504,DATA VISUALIZATION LAB,45,46,91,1,P,BIS586,MINI PROJECT,93,0,93,1,P,BRMK557, RESEARCH METHODOLOGY AND IPR,33,24,57,1,P,BCS508,ENVIRONMENTAL STUDIES AND E-WASTE MANAGEMENT,48,34,82,1,P,BCS515D, DISTRIBUTED SYSTEMS,27,14,41,1,F,BPRK559,NATIONAL SERVICE SCHEME,90,0,90,1,P,26-01-2026,6.41
5,1CR23IS056,BCS501, SOFTWARE ENGINEERING AND PROJECT MANAGEMENT,43,23,66,1,P,BCS502,COMPUTER NETWORTKS,43,25,68,1,P,BCS503,THEORY OF COMPUTATION,43,31,74,1,P,BAIL504,DATA VISUALIZATION LAB,48,45,93,1,P,BIS586,MINI PROJECT,95,0,95,1,P,BRMK557, RESEARCH METHODOLOGY AND IPR,36,27,63,1,P,BCS508,ENVIRONMENTAL STUDIES AND E-WASTE MANAGEMENT,46,34,80,1,P,BCS515D, DISTRIBUTED SYSTEMS,34,26,60,1,P,BPRK559,PHYSICAL EDUCATION,82,0,82,1,P,26-01-2026,7.68
5,1CR23IS057,BCS501, SOFTWARE ENGINEERING AND PROJECT MANAGEMENT,47,29,76,1,P,BCS502,COMPUTER NETWORTKS,48,34,82,1,P,BCS503,THEORY OF COMPUTATION,50,24,74,1,P,BAIL504,DATA VISUALIZATION LAB,50,50,100,1,P,BIS586,MINI PROJECT,98,0,98,1,P,BRMK557, RESEARCH METHODOLOGY AND IPR,45,39,84,1,P,BCS508,ENVIRONMENTAL STUDIES AND E-WASTE MANAGEMENT,50,34,84,1,P,BCS515D, DISTRIBUTED SYSTEMS,49,32,81,1,P,BPRK559,NATIONAL SERVICE SCHEME,100,0,100,1,P,26-01-2026,8.77
5,1CR23IS058,BCS501, SOFTWARE ENGINEERING AND PROJECT MANAGEMENT,34,38,72,1,P,BCS502,COMPUTER NETWORTKS,43,28,71,1,P,BCS503,THEORY OF COMPUTATION,46,46,92,1,P,BAIL504,DATA VISUALIZATION LAB,49,40,89,1,P,BIS586,MINI PROJECT,93,0,93,1,P,BRMK557, RESEARCH METHODOLOGY AND IPR,41,34,75,1,P,BCS508,ENVIRONMENTAL STUDIES AND E-WASTE MANAGEMENT,45,35,80,1,P,BCS515D, DISTRIBUTED SYSTEMS,41,39,80,1,P,BPRK559,PHYSICAL EDUCATION,78,0,78,1,P,26-01-2026,8.77
5,1CR23IS059,BCS501, SOFTWARE ENGINEERING AND PROJECT MANAGEMENT,28,36,64,1,P,BCS502,COMPUTER NETWORTKS,36,20,56,1,P,BCS503,THEORY OF COMPUTATION,24,28,52,1,P,BAIL504,DATA VISUALIZATION LAB,48,45,93,1,P,BIS586,MINI PROJECT,95,0,95,1,P,BRMK557, RESEARCH METHODOLOGY AND IPR,33,30,63,1,P,BCS508,ENVIRONMENTAL STUDIES AND E-WASTE MANAGEMENT,44,29,73,1,P,BCS515D, DISTRIBUTED SYSTEMS,22,32,54,1,P,BPRK559,PHYSICAL EDUCATION,78,0,78,1,P,26-01-2026,6.64
5,1CR23IS060,BCS501, SOFTWARE ENGINEERING AND PROJECT MANAGEMENT,45,34,79,1,P,BCS502,COMPUTER NETWORTKS,45,24,69,1,P,BCS503,THEORY OF COMPUTATION,40,29,69,1,P,BAIL504,DATA VISUALIZATION LAB,47,45,92,1,P,BIS586,MINI PROJECT,89,0,89,1,P,BRMK557, RESEARCH METHODOLOGY AND IPR,41,35,76,1,P,BCS508,ENVIRONMENTAL STUDIES AND E-WASTE MANAGEMENT,43,38,81,1,P,BCS515D, DISTRIBUTED SYSTEMS,39,30,69,1,P,BPRK559,PHYSICAL EDUCATION,96,0,96,1,P,26-01-2026,7.73
5,1CR23IS061,BCS501, SOFTWARE ENGINEERING AND PROJECT MANAGEMENT,45,29,74,1,P,BCS502,COMPUTER NETWORTKS,43,29,72,1,P,BCS503,THEORY OF COMPUTATION,45,39,84,1,P,BAIL504,DATA VISUALIZATION LAB,47,43,90,1,P,BIS586,MINI PROJECT,94,0,94,1,P,BRMK557, RESEARCH METHODOLOGY AND IPR,46,46,92,1,P,BCS508,ENVIRONMENTAL STUDIES AND E-WASTE MANAGEMENT,48,36,84,1,P,BCS515D, DISTRIBUTED SYSTEMS,31,36,67,1,P,BPRK559,NATIONAL SERVICE SCHEME,100,0,100,1,P,26-01-2026,8.64
5,1CR23IS062,BCS501, SOFTWARE ENGINEERING AND PROJECT MANAGEMENT,43,19,62,1,P,BCS502,COMPUTER NETWORTKS,42,41,83,1,P,BCS503,THEORY OF COMPUTATION,40,38,78,1,P,BAIL504,DATA VISUALIZATION LAB,46,45,91,1,P,BIS586,MINI PROJECT,94,0,94,1,P,BRMK557, RESEARCH METHODOLOGY AND IPR,41,27,68,1,P,BCS508,ENVIRONMENTAL STUDIES AND E-WASTE MANAGEMENT,46,32,78,1,P,BCS515D, DISTRIBUTED SYSTEMS,38,28,66,1,P,BPRK559,PHYSICAL EDUCATION,83,0,83,1,P,26-01-2026,8
5,1CR23IS063,BCS501, SOFTWARE ENGINEERING AND PROJECT MANAGEMENT,37,22,59,1,P,BCS502,COMPUTER NETWORTKS,37,23,60,1,P,BCS503,THEORY OF COMPUTATION,37,29,66,1,P,BAIL504,DATA VISUALIZATION LAB,49,45,94,1,P,BIS586,MINI PROJECT,89,0,89,1,P,BRMK557, RESEARCH METHODOLOGY AND IPR,42,27,69,1,P,BCS508,ENVIRONMENTAL STUDIES AND E-WASTE MANAGEMENT,45,38,83,1,P,BCS515D, DISTRIBUTED SYSTEMS,39,34,73,1,P,BPRK559,NATIONAL SERVICE SCHEME,100,0,100,1,P,26-01-2026,7.36
5,1CR23IS064,BCS501, SOFTWARE ENGINEERING AND PROJECT MANAGEMENT,33,26,59,1,P,BCS502,COMPUTER NETWORTKS,38,18,56,1,P,BCS503,THEORY OF COMPUTATION,35,34,69,1,P,BAIL504,DATA VISUALIZATION LAB,45,45,90,1,P,BIS586,MINI PROJECT,92,0,92,1,P,BRMK557, RESEARCH METHODOLOGY AND IPR,32,35,67,1,P,BCS508,ENVIRONMENTAL STUDIES AND E-WASTE MANAGEMENT,46,35,81,1,P,BCS515D, DISTRIBUTED SYSTEMS,37,35,72,1,P,BPRK559,NATIONAL SERVICE SCHEME,100,0,100,1,P,26-01-2026,7.27
5,1CR23IS066,BCS501, SOFTWARE ENGINEERING AND PROJECT MANAGEMENT,41,29,70,1,P,BCS502,COMPUTER NETWORTKS,38,20,58,1,P,BCS503,THEORY OF COMPUTATION,44,19,63,1,P,BAIL504,DATA VISUALIZATION LAB,47,45,92,1,P,BIS586,MINI PROJECT,89,0,89,1,P,BRMK557, RESEARCH METHODOLOGY AND IPR,35,22,57,1,P,BCS508,ENVIRONMENTAL STUDIES AND E-WASTE MANAGEMENT,48,34,82,1,P,BCS515D, DISTRIBUTED SYSTEMS,27,21,48,1,P,BPRK559,PHYSICAL EDUCATION,82,0,82,1,P,26-01-2026,6.86
5,1CR23IS068,BCS501, SOFTWARE ENGINEERING AND PROJECT MANAGEMENT,48,36,84,1,P,BCS502,COMPUTER NETWORTKS,45,29,74,1,P,BCS503,THEORY OF COMPUTATION,45,42,87,1,P,BAIL504,DATA VISUALIZATION LAB,48,45,93,1,P,BIS586,MINI PROJECT,96,0,96,1,P,BRMK557, RESEARCH METHODOLOGY AND IPR,43,36,79,1,P,BCS508,ENVIRONMENTAL STUDIES AND E-WASTE MANAGEMENT,44,31,75,1,P,BCS515D, DISTRIBUTED SYSTEMS,38,29,67,1,P,BPRK559,NATIONAL SERVICE SCHEME,100,0,100,1,P,26-01-2026,8.5
5,1CR23IS069,BCS501, SOFTWARE ENGINEERING AND PROJECT MANAGEMENT,34,34,68,1,P,BCS502,COMPUTER NETWORTKS,44,31,75,1,P,BCS503,THEORY OF COMPUTATION,37,32,69,1,P,BAIL504,DATA VISUALIZATION LAB,50,47,97,1,P,BIS586,MINI PROJECT,99,0,99,1,P,BRMK557, RESEARCH METHODOLOGY AND IPR,35,32,67,1,P,BCS508,ENVIRONMENTAL STUDIES AND E-WASTE MANAGEMENT,46,35,81,1,P,BCS515D, DISTRIBUTED SYSTEMS,28,38,66,1,P,BPRK559,NATIONAL SERVICE SCHEME,90,0,90,1,P,26-01-2026,7.68
5,1CR23IS070,BCS501, SOFTWARE ENGINEERING AND PROJECT MANAGEMENT,47,36,83,1,P,BCS502,COMPUTER NETWORTKS,40,31,71,1,P,BCS503,THEORY OF COMPUTATION,47,34,81,1,P,BAIL504,DATA VISUALIZATION LAB,46,47,93,1,P,BIS586,MINI PROJECT,95,0,95,1,P,BRMK557, RESEARCH METHODOLOGY AND IPR,44,41,85,1,P,BCS508,ENVIRONMENTAL STUDIES AND E-WASTE MANAGEMENT,47,34,81,1,P,BCS515D, DISTRIBUTED SYSTEMS,42,37,79,1,P,BPRK559,NATIONAL SERVICE SCHEME,100,0,100,1,P,26-01-2026,8.82
5,1CR23IS071,BCS501, SOFTWARE ENGINEERING AND PROJECT MANAGEMENT,28,14,42,1,F,BCS502,COMPUTER NETWORTKS,37,26,63,1,P,BCS503,THEORY OF COMPUTATION,25,19,44,1,P,BAIL504,DATA VISUALIZATION LAB,44,48,92,1,P,BIS586,MINI PROJECT,70,0,70,1,P,BRMK557, RESEARCH METHODOLOGY AND IPR,23,40,63,1,P,BCS508,ENVIRONMENTAL STUDIES AND E-WASTE MANAGEMENT,34,38,72,1,P,BCS515D, DISTRIBUTED SYSTEMS,22,22,44,1,P,BPRK559,PHYSICAL EDUCATION,81,0,81,1,P,26-01-2026,5.77
5,1CR23IS072,BCS501, SOFTWARE ENGINEERING AND PROJECT MANAGEMENT,48,30,78,1,P,BCS502,COMPUTER NETWORTKS,47,33,80,1,P,BCS503,THEORY OF COMPUTATION,44,28,72,1,P,BAIL504,DATA VISUALIZATION LAB,50,47,97,1,P,BIS586,MINI PROJECT,91,0,91,1,P,BRMK557, RESEARCH METHODOLOGY AND IPR,43,31,74,1,P,BCS508,ENVIRONMENTAL STUDIES AND E-WASTE MANAGEMENT,46,29,75,1,P,BCS515D, DISTRIBUTED SYSTEMS,48,34,82,1,P,BPRK559,NATIONAL SERVICE SCHEME,100,0,100,1,P,26-01-2026,8.59
5,1CR23IS073,BCS501, SOFTWARE ENGINEERING AND PROJECT MANAGEMENT,49,32,81,1,P,BCS502,COMPUTER NETWORTKS,47,25,72,1,P,BCS503,THEORY OF COMPUTATION,45,44,89,1,P,BAIL504,DATA VISUALIZATION LAB,49,48,97,1,P,BIS586,MINI PROJECT,95,0,95,1,P,BRMK557, RESEARCH METHODOLOGY AND IPR,44,34,78,1,P,BCS508,ENVIRONMENTAL STUDIES AND E-WASTE MANAGEMENT,42,33,75,1,P,BCS515D, DISTRIBUTED SYSTEMS,47,29,76,1,P,BPRK559,PHYSICAL EDUCATION,81,0,81,1,P,26-01-2026,8.64
5,1CR23IS074,BCS501, SOFTWARE ENGINEERING AND PROJECT MANAGEMENT,22,7,29,1,F,BCS502,COMPUTER NETWORTKS,30,28,58,1,P,BCS503,THEORY OF COMPUTATION,26,25,51,1,P,BAIL504,DATA VISUALIZATION LAB,22,0,22,1,A,BIS586,MINI PROJECT,50,0,50,1,P,BRMK557, RESEARCH METHODOLOGY AND IPR,27,30,57,1,P,BCS508,ENVIRONMENTAL STUDIES AND E-WASTE MANAGEMENT,22,31,53,1,P,BCS515D, DISTRIBUTED SYSTEMS,22,0,22,1,A,BPRK559,PHYSICAL EDUCATION,60,0,60,1,P,26-01-2026,3.5
5,1CR23IS075,BCS501, SOFTWARE ENGINEERING AND PROJECT MANAGEMENT,36,23,59,1,P,BCS502,COMPUTER NETWORTKS,35,22,57,1,P,BCS503,THEORY OF COMPUTATION,33,18,51,1,P,BAIL504,DATA VISUALIZATION LAB,43,49,92,1,P,BIS586,MINI PROJECT,90,0,90,1,P,BRMK557, RESEARCH METHODOLOGY AND IPR,36,26,62,1,P,BCS508,ENVIRONMENTAL STUDIES AND E-WASTE MANAGEMENT,44,24,68,1,P,BCS515D, DISTRIBUTED SYSTEMS,31,28,59,1,P,BPRK559,PHYSICAL EDUCATION,75,0,75,1,P,26-01-2026,6.55
5,1CR23IS076,BCS501, SOFTWARE ENGINEERING AND PROJECT MANAGEMENT,35,29,64,1,P,BCS502,COMPUTER NETWORTKS,35,23,58,1,P,BCS503,THEORY OF COMPUTATION,26,7,33,1,F,BAIL504,DATA VISUALIZATION LAB,48,50,98,1,P,BIS586,MINI PROJECT,84,0,84,1,P,BRMK557, RESEARCH METHODOLOGY AND IPR,32,41,73,1,P,BCS508,ENVIRONMENTAL STUDIES AND E-WASTE MANAGEMENT,46,33,79,1,P,BCS515D, DISTRIBUTED SYSTEMS,26,35,61,1,P,BPRK559,PHYSICAL EDUCATION,78,0,78,1,P,26-01-2026,6.05
5,1CR23IS077,BCS501, SOFTWARE ENGINEERING AND PROJECT MANAGEMENT,50,29,79,1,P,BCS502,COMPUTER NETWORTKS,49,32,81,1,P,BCS503,THEORY OF COMPUTATION,49,48,97,1,P,BAIL504,DATA VISUALIZATION LAB,50,50,100,1,P,BIS586,MINI PROJECT,90,0,90,1,P,BRMK557, RESEARCH METHODOLOGY AND IPR,47,36,83,1,P,BCS508,ENVIRONMENTAL STUDIES AND E-WASTE MANAGEMENT,49,39,88,1,P,BCS515D, DISTRIBUTED SYSTEMS,48,39,87,1,P,BPRK559,PHYSICAL EDUCATION,78,0,78,1,P,26-01-2026,9.14
5,1CR23IS078,BCS501, SOFTWARE ENGINEERING AND PROJECT MANAGEMENT,50,29,79,1,P,BCS502,COMPUTER NETWORTKS,50,37,87,1,P,BCS503,THEORY OF COMPUTATION,49,40,89,1,P,BAIL504,DATA VISUALIZATION LAB,50,50,100,1,P,BIS586,MINI PROJECT,99,0,99,1,P,BRMK557, RESEARCH METHODOLOGY AND IPR,49,38,87,1,P,BCS508,ENVIRONMENTAL STUDIES AND E-WASTE MANAGEMENT,50,33,83,1,P,BCS515D, DISTRIBUTED SYSTEMS,49,23,72,1,P,BPRK559,NATIONAL SERVICE SCHEME,100,0,100,1,P,26-01-2026,8.82
5,1CR23IS079,BCS501, SOFTWARE ENGINEERING AND PROJECT MANAGEMENT,45,22,67,1,P,BCS502,COMPUTER NETWORTKS,46,26,72,1,P,BCS503,THEORY OF COMPUTATION,48,25,73,1,P,BAIL504,DATA VISUALIZATION LAB,50,49,99,1,P,BIS586,MINI PROJECT,98,0,98,1,P,BRMK557, RESEARCH METHODOLOGY AND IPR,45,31,76,1,P,BCS508,ENVIRONMENTAL STUDIES AND E-WASTE MANAGEMENT,46,37,83,1,P,BCS515D, DISTRIBUTED SYSTEMS,42,27,69,1,P,BPRK559,NATIONAL SERVICE SCHEME,100,0,100,1,P,26-01-2026,8
5,1CR23IS080,BCS501, SOFTWARE ENGINEERING AND PROJECT MANAGEMENT,49,24,73,1,P,BCS502,COMPUTER NETWORTKS,40,21,61,1,P,BCS503,THEORY OF COMPUTATION,35,25,60,1,P,BAIL504,DATA VISUALIZATION LAB,46,48,94,1,P,BIS586,MINI PROJECT,89,0,89,1,P,BRMK557, RESEARCH METHODOLOGY AND IPR,39,32,71,1,P,BCS508,ENVIRONMENTAL STUDIES AND E-WASTE MANAGEMENT,45,35,80,1,P,BCS515D, DISTRIBUTED SYSTEMS,40,35,75,1,P,BPRK559,NATIONAL SERVICE SCHEME,90,0,90,1,P,26-01-2026,7.86
5,1CR23IS081,BCS501, SOFTWARE ENGINEERING AND PROJECT MANAGEMENT,34,22,56,1,P,BCS502,COMPUTER NETWORTKS,40,23,63,1,P,BCS503,THEORY OF COMPUTATION,36,14,50,1,F,BAIL504,DATA VISUALIZATION LAB,48,50,98,1,P,BIS586,MINI PROJECT,90,0,90,1,P,BRMK557, RESEARCH METHODOLOGY AND IPR,31,19,50,1,P,BCS508,ENVIRONMENTAL STUDIES AND E-WASTE MANAGEMENT,46,33,79,1,P,BCS515D, DISTRIBUTED SYSTEMS,27,30,57,1,P,BPRK559,NATIONAL SERVICE SCHEME,90,0,90,1,P,26-01-2026,6.5
5,1CR23IS082,BCS501, SOFTWARE ENGINEERING AND PROJECT MANAGEMENT,41,29,70,1,P,BCS502,COMPUTER NETWORTKS,45,21,66,1,P,BCS503,THEORY OF COMPUTATION,37,18,55,1,P,BAIL504,DATA VISUALIZATION LAB,47,50,97,1,P,BIS586,MINI PROJECT,96,0,96,1,P,BRMK557, RESEARCH METHODOLOGY AND IPR,30,40,70,1,P,BCS508,ENVIRONMENTAL STUDIES AND E-WASTE MANAGEMENT,45,27,72,1,P,BCS515D, DISTRIBUTED SYSTEMS,33,28,61,1,P,BPRK559,NATIONAL SERVICE SCHEME,100,0,100,1,P,26-01-2026,7.59
5,1CR23IS083,BCS501, SOFTWARE ENGINEERING AND PROJECT MANAGEMENT,48,30,78,1,P,BCS502,COMPUTER NETWORTKS,48,37,85,1,P,BCS503,THEORY OF COMPUTATION,42,33,75,1,P,BAIL504,DATA VISUALIZATION LAB,49,50,99,1,P,BIS586,MINI PROJECT,92,0,92,1,P,BRMK557, RESEARCH METHODOLOGY AND IPR,45,35,80,1,P,BCS508,ENVIRONMENTAL STUDIES AND E-WASTE MANAGEMENT,47,37,84,1,P,BCS515D, DISTRIBUTED SYSTEMS,46,22,68,1,P,BPRK559,NATIONAL SERVICE SCHEME,100,0,100,1,P,26-01-2026,8.5
5,1CR23IS084,BCS501, SOFTWARE ENGINEERING AND PROJECT MANAGEMENT,27,28,55,1,P,BCS502,COMPUTER NETWORTKS,27,32,59,1,P,BCS503,THEORY OF COMPUTATION,24,27,51,1,P,BAIL504,DATA VISUALIZATION LAB,24,48,72,1,P,BIS586,MINI PROJECT,50,0,50,1,P,BRMK557, RESEARCH METHODOLOGY AND IPR,28,34,62,1,P,BCS508,ENVIRONMENTAL STUDIES AND E-WASTE MANAGEMENT,35,27,62,1,P,BCS515D, DISTRIBUTED SYSTEMS,27,27,54,1,P,BPRK559,PHYSICAL EDUCATION,82,0,82,1,P,26-01-2026,5.86
5,1CR23IS085,BCS501, SOFTWARE ENGINEERING AND PROJECT MANAGEMENT,48,29,77,1,P,BCS502,COMPUTER NETWORTKS,44,28,72,1,P,BCS503,THEORY OF COMPUTATION,42,30,72,1,P,BAIL504,DATA VISUALIZATION LAB,50,50,100,1,P,BIS586,MINI PROJECT,99,0,99,1,P,BRMK557, RESEARCH METHODOLOGY AND IPR,46,33,79,1,P,BCS508,ENVIRONMENTAL STUDIES AND E-WASTE MANAGEMENT,43,36,79,1,P,BCS515D, DISTRIBUTED SYSTEMS,48,35,83,1,P,BPRK559,NATIONAL SERVICE SCHEME,100,0,100,1,P,26-01-2026,8.41
5,1CR23IS086,BCS501, SOFTWARE ENGINEERING AND PROJECT MANAGEMENT,46,25,71,1,P,BCS502,COMPUTER NETWORTKS,37,25,62,1,P,BCS503,THEORY OF COMPUTATION,28,26,54,1,P,BAIL504,DATA VISUALIZATION LAB,49,50,99,1,P,BIS586,MINI PROJECT,86,0,86,1,P,BRMK557, RESEARCH METHODOLOGY AND IPR,37,24,61,1,P,BCS508,ENVIRONMENTAL STUDIES AND E-WASTE MANAGEMENT,44,31,75,1,P,BCS515D, DISTRIBUTED SYSTEMS,35,28,63,1,P,BPRK559,NATIONAL SERVICE SCHEME,100,0,100,1,P,26-01-2026,7.18
5,1CR23IS087,BCS501, SOFTWARE ENGINEERING AND PROJECT MANAGEMENT,48,28,76,1,P,BCS502,COMPUTER NETWORTKS,48,28,76,1,P,BCS503,THEORY OF COMPUTATION,48,40,88,1,P,BAIL504,DATA VISUALIZATION LAB,50,50,100,1,P,BIS586,MINI PROJECT,91,0,91,1,P,BRMK557, RESEARCH METHODOLOGY AND IPR,42,34,76,1,P,BCS508,ENVIRONMENTAL STUDIES AND E-WASTE MANAGEMENT,46,35,81,1,P,BCS515D, DISTRIBUTED SYSTEMS,47,40,87,1,P,BPRK559,NATIONAL SERVICE SCHEME,100,0,100,1,P,26-01-2026,8.64
5,1CR23IS088,BCS501, SOFTWARE ENGINEERING AND PROJECT MANAGEMENT,49,18,67,1,P,BCS502,COMPUTER NETWORTKS,47,27,74,1,P,BCS503,THEORY OF COMPUTATION,50,34,84,1,P,BAIL504,DATA VISUALIZATION LAB,50,50,100,1,P,BIS586,MINI PROJECT,95,0,95,1,P,BRMK557, RESEARCH METHODOLOGY AND IPR,41,41,82,1,P,BCS508,ENVIRONMENTAL STUDIES AND E-WASTE MANAGEMENT,45,35,80,1,P,BCS515D, DISTRIBUTED SYSTEMS,40,39,79,1,P,BPRK559,PHYSICAL EDUCATION,81,0,81,1,P,26-01-2026,8.45
5,1CR23IS089,BCS501, SOFTWARE ENGINEERING AND PROJECT MANAGEMENT,46,25,71,1,P,BCS502,COMPUTER NETWORTKS,44,26,70,1,P,BCS503,THEORY OF COMPUTATION,44,36,80,1,P,BAIL504,DATA VISUALIZATION LAB,47,50,97,1,P,BIS586,MINI PROJECT,90,0,90,1,P,BRMK557, RESEARCH METHODOLOGY AND IPR,44,30,74,1,P,BCS508,ENVIRONMENTAL STUDIES AND E-WASTE MANAGEMENT,45,34,79,1,P,BCS515D, DISTRIBUTED SYSTEMS,46,31,77,1,P,BPRK559,PHYSICAL EDUCATION,79,0,79,1,P,26-01-2026,8.45
5,1CR23IS090,BCS501, SOFTWARE ENGINEERING AND PROJECT MANAGEMENT,50,41,91,1,P,BCS502,COMPUTER NETWORTKS,50,29,79,1,P,BCS503,THEORY OF COMPUTATION,50,44,94,1,P,BAIL504,DATA VISUALIZATION LAB,50,50,100,1,P,BIS586,MINI PROJECT,97,0,97,1,P,BRMK557, RESEARCH METHODOLOGY AND IPR,48,39,87,1,P,BCS508,ENVIRONMENTAL STUDIES AND E-WASTE MANAGEMENT,50,35,85,1,P,BCS515D, DISTRIBUTED SYSTEMS,50,43,93,1,P,BPRK559,NATIONAL SERVICE SCHEME,100,0,100,1,P,26-01-2026,9.45
5,1CR23IS091,BCS501, SOFTWARE ENGINEERING AND PROJECT MANAGEMENT,49,32,81,1,P,BCS502,COMPUTER NETWORTKS,41,34,75,1,P,BCS503,THEORY OF COMPUTATION,30,30,60,1,P,BAIL504,DATA VISUALIZATION LAB,48,50,98,1,P,BIS586,MINI PROJECT,97,0,97,1,P,BRMK557, RESEARCH METHODOLOGY AND IPR,37,25,62,1,P,BCS508,ENVIRONMENTAL STUDIES AND E-WASTE MANAGEMENT,47,31,78,1,P,BCS515D, DISTRIBUTED SYSTEMS,36,35,71,1,P,BPRK559,NATIONAL SERVICE SCHEME,100,0,100,1,P,26-01-2026,8.14
5,1CR23IS092,BCS501, SOFTWARE ENGINEERING AND PROJECT MANAGEMENT,50,39,89,1,P,BCS502,COMPUTER NETWORTKS,42,27,69,1,P,BCS503,THEORY OF COMPUTATION,50,35,85,1,P,BAIL504,DATA VISUALIZATION LAB,49,50,99,1,P,BIS586,MINI PROJECT,95,0,95,1,P,BRMK557, RESEARCH METHODOLOGY AND IPR,47,33,80,1,P,BCS508,ENVIRONMENTAL STUDIES AND E-WASTE MANAGEMENT,47,43,90,1,P,BCS515D, DISTRIBUTED SYSTEMS,45,38,83,1,P,BPRK559,NATIONAL SERVICE SCHEME,100,0,100,1,P,26-01-2026,8.82
5,1CR23IS093,BCS501, SOFTWARE ENGINEERING AND PROJECT MANAGEMENT,50,40,90,1,P,BCS502,COMPUTER NETWORTKS,49,32,81,1,P,BCS503,THEORY OF COMPUTATION,48,29,77,1,P,BAIL504,DATA VISUALIZATION LAB,49,50,99,1,P,BIS586,MINI PROJECT,98,0,98,1,P,BRMK557, RESEARCH METHODOLOGY AND IPR,49,33,82,1,P,BCS508,ENVIRONMENTAL STUDIES AND E-WASTE MANAGEMENT,46,37,83,1,P,BCS515D, DISTRIBUTED SYSTEMS,49,42,91,1,P,BPRK559,NATIONAL SERVICE SCHEME,100,0,100,1,P,26-01-2026,9.27
5,1CR23IS094,BCS501, SOFTWARE ENGINEERING AND PROJECT MANAGEMENT,48,38,86,1,P,BCS502,COMPUTER NETWORTKS,46,37,83,1,P,BCS503,THEORY OF COMPUTATION,47,21,68,1,P,BAIL504,DATA VISUALIZATION LAB,49,50,99,1,P,BIS586,MINI PROJECT,99,0,99,1,P,BRMK557, RESEARCH METHODOLOGY AND IPR,47,46,93,1,P,BCS508,ENVIRONMENTAL STUDIES AND E-WASTE MANAGEMENT,45,39,84,1,P,BCS515D, DISTRIBUTED SYSTEMS,47,39,86,1,P,BPRK559,NATIONAL SERVICE SCHEME,100,0,100,1,P,26-01-2026,8.91
5,1CR23IS095,BCS501, SOFTWARE ENGINEERING AND PROJECT MANAGEMENT,50,36,86,1,P,BCS502,COMPUTER NETWORTKS,46,29,75,1,P,BCS503,THEORY OF COMPUTATION,49,31,80,1,P,BAIL504,DATA VISUALIZATION LAB,47,50,97,1,P,BIS586,MINI PROJECT,95,0,95,1,P,BRMK557, RESEARCH METHODOLOGY AND IPR,43,38,81,1,P,BCS508,ENVIRONMENTAL STUDIES AND E-WASTE MANAGEMENT,46,30,76,1,P,BCS515D, DISTRIBUTED SYSTEMS,47,38,85,1,P,BPRK559,NATIONAL SERVICE SCHEME,100,0,100,1,P,26-01-2026,8.91
5,1CR23IS096,BCS501, SOFTWARE ENGINEERING AND PROJECT MANAGEMENT,49,31,80,1,P,BCS502,COMPUTER NETWORTKS,47,44,91,1,P,BCS503,THEORY OF COMPUTATION,47,35,82,1,P,BAIL504,DATA VISUALIZATION LAB,49,50,99,1,P,BIS586,MINI PROJECT,92,0,92,1,P,BRMK557, RESEARCH METHODOLOGY AND IPR,45,40,85,1,P,BCS508,ENVIRONMENTAL STUDIES AND E-WASTE MANAGEMENT,46,30,76,1,P,BCS515D, DISTRIBUTED SYSTEMS,43,38,81,1,P,BPRK559,NATIONAL SERVICE SCHEME,100,0,100,1,P,26-01-2026,9.27
5,1CR23IS097,BCS501, SOFTWARE ENGINEERING AND PROJECT MANAGEMENT,41,18,59,1,P,BCS502,COMPUTER NETWORTKS,40,18,58,1,P,BCS503,THEORY OF COMPUTATION,37,18,55,1,P,BAIL504,DATA VISUALIZATION LAB,48,49,97,1,P,BIS586,MINI PROJECT,98,0,98,1,P,BRMK557, RESEARCH METHODOLOGY AND IPR,31,31,62,1,P,BCS508,ENVIRONMENTAL STUDIES AND E-WASTE MANAGEMENT,47,31,78,1,P,BCS515D, DISTRIBUTED SYSTEMS,36,26,62,1,P,BPRK559,PHYSICAL EDUCATION,81,0,81,1,P,26-01-2026,6.91
5,1CR23IS098,BCS501, SOFTWARE ENGINEERING AND PROJECT MANAGEMENT,32,21,53,1,P,BCS502,COMPUTER NETWORTKS,33,9,42,1,F,BCS503,THEORY OF COMPUTATION,25,11,36,1,F,BAIL504,DATA VISUALIZATION LAB,47,48,95,1,P,BIS586,MINI PROJECT,67,0,67,1,P,BRMK557, RESEARCH METHODOLOGY AND IPR,22,18,40,1,P,BCS508,ENVIRONMENTAL STUDIES AND E-WASTE MANAGEMENT,44,31,75,1,P,BCS515D, DISTRIBUTED SYSTEMS,24,11,35,1,F,BPRK559,NATIONAL SERVICE SCHEME,100,0,100,1,P,26-01-2026,3.64
5,1CR23IS099,BCS501, SOFTWARE ENGINEERING AND PROJECT MANAGEMENT,41,29,70,1,P,BCS502,COMPUTER NETWORTKS,34,18,52,1,P,BCS503,THEORY OF COMPUTATION,29,24,53,1,P,BAIL504,DATA VISUALIZATION LAB,48,50,98,1,P,BIS586,MINI PROJECT,67,0,67,1,P,BRMK557, RESEARCH METHODOLOGY AND IPR,23,34,57,1,P,BCS508,ENVIRONMENTAL STUDIES AND E-WASTE MANAGEMENT,45,31,76,1,P,BCS515D, DISTRIBUTED SYSTEMS,29,22,51,1,P,BPRK559,NATIONAL SERVICE SCHEME,100,0,100,1,P,26-01-2026,6.23
5,1CR23IS101,BCS501, SOFTWARE ENGINEERING AND PROJECT MANAGEMENT,49,28,77,1,P,BCS502,COMPUTER NETWORTKS,46,28,74,1,P,BCS503,THEORY OF COMPUTATION,44,25,69,1,P,BAIL504,DATA VISUALIZATION LAB,48,50,98,1,P,BIS586,MINI PROJECT,92,0,92,1,P,BRMK557, RESEARCH METHODOLOGY AND IPR,43,33,76,1,P,BCS508,ENVIRONMENTAL STUDIES AND E-WASTE MANAGEMENT,44,32,76,1,P,BCS515D, DISTRIBUTED SYSTEMS,44,31,75,1,P,BPRK559,NATIONAL SERVICE SCHEME,100,0,100,1,P,26-01-2026,8.09
5,1CR23IS102,BCS501, SOFTWARE ENGINEERING AND PROJECT MANAGEMENT,46,34,80,1,P,BCS502,COMPUTER NETWORTKS,38,22,60,1,P,BCS503,THEORY OF COMPUTATION,44,32,76,1,P,BAIL504,DATA VISUALIZATION LAB,43,43,86,1,P,BIS586,MINI PROJECT,82,0,82,1,P,BRMK557, RESEARCH METHODOLOGY AND IPR,35,36,71,1,P,BCS508,ENVIRONMENTAL STUDIES AND E-WASTE MANAGEMENT,45,30,75,1,P,BCS515D, DISTRIBUTED SYSTEMS,31,30,61,1,P,BPRK559,PHYSICAL EDUCATION,84,0,84,1,P,26-01-2026,8
5,1CR23IS103,BCS501, SOFTWARE ENGINEERING AND PROJECT MANAGEMENT,36,24,60,1,P,BCS502,COMPUTER NETWORTKS,41,8,49,1,F,BCS503,THEORY OF COMPUTATION,35,18,53,1,P,BAIL504,DATA VISUALIZATION LAB,47,48,95,1,P,BIS586,MINI PROJECT,85,0,85,1,P,BRMK557, RESEARCH METHODOLOGY AND IPR,33,18,51,1,P,BCS508,ENVIRONMENTAL STUDIES AND E-WASTE MANAGEMENT,43,28,71,1,P,BCS515D, DISTRIBUTED SYSTEMS,36,10,46,1,F,BPRK559,NATIONAL SERVICE SCHEME,100,0,100,1,P,26-01-2026,5.77
5,1CR23IS104,BCS501, SOFTWARE ENGINEERING AND PROJECT MANAGEMENT,27,11,38,1,F,BCS502,COMPUTER NETWORTKS,30,8,38,1,F,BCS503,THEORY OF COMPUTATION,25,11,36,1,F,BAIL504,DATA VISUALIZATION LAB,39,24,63,1,P,BIS586,MINI PROJECT,80,0,80,1,P,BRMK557, RESEARCH METHODOLOGY AND IPR,25,18,43,1,P,BCS508,ENVIRONMENTAL STUDIES AND E-WASTE MANAGEMENT,44,28,72,1,P,BCS515D, DISTRIBUTED SYSTEMS,22,9,31,1,F,BPRK559,NATIONAL SERVICE SCHEME,90,0,90,1,P,26-01-2026,2.05
5,1CR23IS105,BCS501, SOFTWARE ENGINEERING AND PROJECT MANAGEMENT,49,31,80,1,P,BCS502,COMPUTER NETWORTKS,46,26,72,1,P,BCS503,THEORY OF COMPUTATION,45,43,88,1,P,BAIL504,DATA VISUALIZATION LAB,49,50,99,1,P,BIS586,MINI PROJECT,97,0,97,1,P,BRMK557, RESEARCH METHODOLOGY AND IPR,46,33,79,1,P,BCS508,ENVIRONMENTAL STUDIES AND E-WASTE MANAGEMENT,47,35,82,1,P,BCS515D, DISTRIBUTED SYSTEMS,42,36,78,1,P,BPRK559,NATIONAL SERVICE SCHEME,100,0,100,1,P,26-01-2026,8.68
5,1CR23IS106,BCS501, SOFTWARE ENGINEERING AND PROJECT MANAGEMENT,47,31,78,1,P,BCS502,COMPUTER NETWORTKS,44,21,65,1,P,BCS503,THEORY OF COMPUTATION,42,39,81,1,P,BAIL504,DATA VISUALIZATION LAB,49,49,98,1,P,BIS586,MINI PROJECT,93,0,93,1,P,BRMK557, RESEARCH METHODOLOGY AND IPR,45,25,70,1,P,BCS508,ENVIRONMENTAL STUDIES AND E-WASTE MANAGEMENT,45,38,83,1,P,BCS515D, DISTRIBUTED SYSTEMS,38,38,76,1,P,BPRK559,PHYSICAL EDUCATION,70,0,70,1,P,26-01-2026,8.32
5,1CR23IS107,BCS501, SOFTWARE ENGINEERING AND PROJECT MANAGEMENT,50,27,77,1,P,BCS502,COMPUTER NETWORTKS,43,42,85,1,P,BCS503,THEORY OF COMPUTATION,49,30,79,1,P,BAIL504,DATA VISUALIZATION LAB,48,50,98,1,P,BIS586,MINI PROJECT,95,0,95,1,P,BRMK557, RESEARCH METHODOLOGY AND IPR,41,39,80,1,P,BCS508,ENVIRONMENTAL STUDIES AND E-WASTE MANAGEMENT,47,42,89,1,P,BCS515D, DISTRIBUTED SYSTEMS,49,32,81,1,P,BPRK559,NATIONAL SERVICE SCHEME,100,0,100,1,P,26-01-2026,8.77
5,1CR23IS108,BCS501, SOFTWARE ENGINEERING AND PROJECT MANAGEMENT,45,25,70,1,P,BCS502,COMPUTER NETWORTKS,34,29,63,1,P,BCS503,THEORY OF COMPUTATION,46,47,93,1,P,BAIL504,DATA VISUALIZATION LAB,47,48,95,1,P,BIS586,MINI PROJECT,95,0,95,1,P,BRMK557, RESEARCH METHODOLOGY AND IPR,40,29,69,1,P,BCS508,ENVIRONMENTAL STUDIES AND E-WASTE MANAGEMENT,45,32,77,1,P,BCS515D, DISTRIBUTED SYSTEMS,27,26,53,1,P,BPRK559,NATIONAL SERVICE SCHEME,100,0,100,1,P,26-01-2026,7.91
5,1CR23IS109,BCS501, SOFTWARE ENGINEERING AND PROJECT MANAGEMENT,47,19,66,1,P,BCS502,COMPUTER NETWORTKS,43,24,67,1,P,BCS503,THEORY OF COMPUTATION,46,31,77,1,P,BAIL504,DATA VISUALIZATION LAB,48,49,97,1,P,BIS586,MINI PROJECT,92,0,92,1,P,BRMK557, RESEARCH METHODOLOGY AND IPR,41,30,71,1,P,BCS508,ENVIRONMENTAL STUDIES AND E-WASTE MANAGEMENT,46,36,82,1,P,BCS515D, DISTRIBUTED SYSTEMS,39,32,71,1,P,BPRK559,PHYSICAL EDUCATION,81,0,81,1,P,26-01-2026,7.95
5,1CR23IS110,BCS501, SOFTWARE ENGINEERING AND PROJECT MANAGEMENT,43,33,76,1,P,BCS502,COMPUTER NETWORTKS,46,21,67,1,P,BCS503,THEORY OF COMPUTATION,47,37,84,1,P,BAIL504,DATA VISUALIZATION LAB,45,50,95,1,P,BIS586,MINI PROJECT,86,0,86,1,P,BRMK557, RESEARCH METHODOLOGY AND IPR,43,27,70,1,P,BCS508,ENVIRONMENTAL STUDIES AND E-WASTE MANAGEMENT,45,33,78,1,P,BCS515D, DISTRIBUTED SYSTEMS,45,31,76,1,P,BPRK559,NATIONAL SERVICE SCHEME,100,0,100,1,P,26-01-2026,8.18
5,1CR23IS111,BCS501, SOFTWARE ENGINEERING AND PROJECT MANAGEMENT,50,34,84,1,P,BCS502,COMPUTER NETWORTKS,49,31,80,1,P,BCS503,THEORY OF COMPUTATION,49,43,92,1,P,BAIL504,DATA VISUALIZATION LAB,50,50,100,1,P,BIS586,MINI PROJECT,98,0,98,1,P,BRMK557, RESEARCH METHODOLOGY AND IPR,47,43,90,1,P,BCS508,ENVIRONMENTAL STUDIES AND E-WASTE MANAGEMENT,50,33,83,1,P,BCS515D, DISTRIBUTED SYSTEMS,50,31,81,1,P,BPRK559,NATIONAL SERVICE SCHEME,100,0,100,1,P,26-01-2026,9.45
5,1CR23IS112,BCS501, SOFTWARE ENGINEERING AND PROJECT MANAGEMENT,45,10,55,1,F,BCS502,COMPUTER NETWORTKS,42,24,66,1,P,BCS503,THEORY OF COMPUTATION,41,28,69,1,P,BAIL504,DATA VISUALIZATION LAB,49,50,99,1,P,BIS586,MINI PROJECT,96,0,96,1,P,BRMK557, RESEARCH METHODOLOGY AND IPR,40,12,52,1,F,BCS508,ENVIRONMENTAL STUDIES AND E-WASTE MANAGEMENT,44,31,75,1,P,BCS515D, DISTRIBUTED SYSTEMS,39,10,49,1,F,BPRK559,NATIONAL SERVICE SCHEME,100,0,100,1,P,26-01-2026,6.59
5,1CR23IS113,BCS501, SOFTWARE ENGINEERING AND PROJECT MANAGEMENT,50,31,81,1,P,BCS502,COMPUTER NETWORTKS,47,45,92,1,P,BCS503,THEORY OF COMPUTATION,45,28,73,1,P,BAIL504,DATA VISUALIZATION LAB,49,49,98,1,P,BIS586,MINI PROJECT,98,0,98,1,P,BRMK557, RESEARCH METHODOLOGY AND IPR,46,32,78,1,P,BCS508,ENVIRONMENTAL STUDIES AND E-WASTE MANAGEMENT,47,38,85,1,P,BCS515D, DISTRIBUTED SYSTEMS,47,39,86,1,P,BPRK559,NATIONAL SERVICE SCHEME,100,0,100,1,P,26-01-2026,9
5,1CR23IS115,BCS501, SOFTWARE ENGINEERING AND PROJECT MANAGEMENT,48,27,75,1,P,BCS502,COMPUTER NETWORTKS,38,28,66,1,P,BCS503,THEORY OF COMPUTATION,45,37,82,1,P,BAIL504,DATA VISUALIZATION LAB,48,50,98,1,P,BIS586,MINI PROJECT,89,0,89,1,P,BRMK557, RESEARCH METHODOLOGY AND IPR,43,34,77,1,P,BCS508,ENVIRONMENTAL STUDIES AND E-WASTE MANAGEMENT,45,36,81,1,P,BCS515D, DISTRIBUTED SYSTEMS,46,38,84,1,P,BPRK559,PHYSICAL EDUCATION,80,0,80,1,P,26-01-2026,8.36
5,1CR23IS116,BCS501, SOFTWARE ENGINEERING AND PROJECT MANAGEMENT,50,30,80,1,P,BCS502,COMPUTER NETWORTKS,49,35,84,1,P,BCS503,THEORY OF COMPUTATION,48,34,82,1,P,BAIL504,DATA VISUALIZATION LAB,50,50,100,1,P,BIS586,MINI PROJECT,98,0,98,1,P,BRMK557, RESEARCH METHODOLOGY AND IPR,48,41,89,1,P,BCS508,ENVIRONMENTAL STUDIES AND E-WASTE MANAGEMENT,48,40,88,1,P,BCS515D, DISTRIBUTED SYSTEMS,46,39,85,1,P,BPRK559,NATIONAL SERVICE SCHEME,100,0,100,1,P,26-01-2026,9.14
5,1CR23IS117,BCS501, SOFTWARE ENGINEERING AND PROJECT MANAGEMENT,43,36,79,1,P,BCS502,COMPUTER NETWORTKS,43,18,61,1,P,BCS503,THEORY OF COMPUTATION,35,14,49,1,F,BAIL504,DATA VISUALIZATION LAB,38,49,87,1,P,BIS586,MINI PROJECT,60,0,60,1,P,BRMK557, RESEARCH METHODOLOGY AND IPR,31,32,63,1,P,BCS508,ENVIRONMENTAL STUDIES AND E-WASTE MANAGEMENT,25,38,63,1,P,BCS515D, DISTRIBUTED SYSTEMS,43,33,76,1,P,BPRK559,NATIONAL SERVICE SCHEME,95,0,95,1,P,26-01-2026,6.86
5,1CR23IS118,BCS501, SOFTWARE ENGINEERING AND PROJECT MANAGEMENT,49,41,90,1,P,BCS502,COMPUTER NETWORTKS,47,48,95,1,P,BCS503,THEORY OF COMPUTATION,45,33,78,1,P,BAIL504,DATA VISUALIZATION LAB,47,50,97,1,P,BIS586,MINI PROJECT,94,0,94,1,P,BRMK557, RESEARCH METHODOLOGY AND IPR,47,38,85,1,P,BCS508,ENVIRONMENTAL STUDIES AND E-WASTE MANAGEMENT,45,28,73,1,P,BCS515D, DISTRIBUTED SYSTEMS,44,40,84,1,P,BPRK559,NATIONAL SERVICE SCHEME,100,0,100,1,P,26-01-2026,9.27
5,1CR23IS119,BCS501, SOFTWARE ENGINEERING AND PROJECT MANAGEMENT,47,35,82,1,P,BCS502,COMPUTER NETWORTKS,47,27,74,1,P,BCS503,THEORY OF COMPUTATION,46,41,87,1,P,BAIL504,DATA VISUALIZATION LAB,47,50,97,1,P,BIS586,MINI PROJECT,90,0,90,1,P,BRMK557, RESEARCH METHODOLOGY AND IPR,45,38,83,1,P,BCS508,ENVIRONMENTAL STUDIES AND E-WASTE MANAGEMENT,47,43,90,1,P,BCS515D, DISTRIBUTED SYSTEMS,46,29,75,1,P,BPRK559,PHYSICAL EDUCATION,82,0,82,1,P,26-01-2026,8.86
5,1CR23IS120,BCS501, SOFTWARE ENGINEERING AND PROJECT MANAGEMENT,50,33,83,1,P,BCS502,COMPUTER NETWORTKS,48,30,78,1,P,BCS503,THEORY OF COMPUTATION,47,38,85,1,P,BAIL504,DATA VISUALIZATION LAB,46,50,96,1,P,BIS586,MINI PROJECT,96,0,96,1,P,BRMK557, RESEARCH METHODOLOGY AND IPR,44,26,70,1,P,BCS508,ENVIRONMENTAL STUDIES AND E-WASTE MANAGEMENT,46,35,81,1,P,BCS515D, DISTRIBUTED SYSTEMS,43,39,82,1,P,BPRK559,NATIONAL SERVICE SCHEME,100,0,100,1,P,26-01-2026,8.82
5,1CR23IS121,BCS501, SOFTWARE ENGINEERING AND PROJECT MANAGEMENT,47,25,72,1,P,BCS502,COMPUTER NETWORTKS,46,18,64,1,P,BCS503,THEORY OF COMPUTATION,45,32,77,1,P,BAIL504,DATA VISUALIZATION LAB,50,50,100,1,P,BIS586,MINI PROJECT,96,0,96,1,P,BRMK557, RESEARCH METHODOLOGY AND IPR,47,38,85,1,P,BCS508,ENVIRONMENTAL STUDIES AND E-WASTE MANAGEMENT,45,32,77,1,P,BCS515D, DISTRIBUTED SYSTEMS,34,31,65,1,P,BPRK559,NATIONAL SERVICE SCHEME,100,0,100,1,P,26-01-2026,8.09
5,1CR23IS122,BCS501, SOFTWARE ENGINEERING AND PROJECT MANAGEMENT,22,25,47,1,P,BCS502,COMPUTER NETWORTKS,39,25,64,1,P,BCS503,THEORY OF COMPUTATION,31,26,57,1,P,BAIL504,DATA VISUALIZATION LAB,48,50,98,1,P,BIS586,MINI PROJECT,89,0,89,1,P,BRMK557, RESEARCH METHODOLOGY AND IPR,27,19,46,1,P,BCS508,ENVIRONMENTAL STUDIES AND E-WASTE MANAGEMENT,45,35,80,1,P,BCS515D, DISTRIBUTED SYSTEMS,33,30,63,1,P,BPRK559,PHYSICAL EDUCATION,80,0,80,1,P,26-01-2026,6.27
5,1CR23IS123,BCS501, SOFTWARE ENGINEERING AND PROJECT MANAGEMENT,48,28,76,1,P,BCS502,COMPUTER NETWORTKS,48,36,84,1,P,BCS503,THEORY OF COMPUTATION,46,40,86,1,P,BAIL504,DATA VISUALIZATION LAB,49,50,99,1,P,BIS586,MINI PROJECT,93,0,93,1,P,BRMK557, RESEARCH METHODOLOGY AND IPR,47,38,85,1,P,BCS508,ENVIRONMENTAL STUDIES AND E-WASTE MANAGEMENT,48,34,82,1,P,BCS515D, DISTRIBUTED SYSTEMS,42,35,77,1,P,BPRK559,NATIONAL SERVICE SCHEME,100,0,100,1,P,26-01-2026,8.82
5,1CR23IS124,BCS501, SOFTWARE ENGINEERING AND PROJECT MANAGEMENT,50,33,83,1,P,BCS502,COMPUTER NETWORTKS,50,33,83,1,P,BCS503,THEORY OF COMPUTATION,49,38,87,1,P,BAIL504,DATA VISUALIZATION LAB,50,50,100,1,P,BIS586,MINI PROJECT,98,0,98,1,P,BRMK557, RESEARCH METHODOLOGY AND IPR,50,39,89,1,P,BCS508,ENVIRONMENTAL STUDIES AND E-WASTE MANAGEMENT,50,43,93,1,P,BCS515D, DISTRIBUTED SYSTEMS,49,30,79,1,P,BPRK559,NATIONAL SERVICE SCHEME,100,0,100,1,P,26-01-2026,9.05
5,1CR23IS125,BCS501, SOFTWARE ENGINEERING AND PROJECT MANAGEMENT,50,39,89,1,P,BCS502,COMPUTER NETWORTKS,49,34,83,1,P,BCS503,THEORY OF COMPUTATION,50,30,80,1,P,BAIL504,DATA VISUALIZATION LAB,49,50,99,1,P,BIS586,MINI PROJECT,97,0,97,1,P,BRMK557, RESEARCH METHODOLOGY AND IPR,50,42,92,1,P,BCS508,ENVIRONMENTAL STUDIES AND E-WASTE MANAGEMENT,50,36,86,1,P,BCS515D, DISTRIBUTED SYSTEMS,47,36,83,1,P,BPRK559,NATIONAL SERVICE SCHEME,100,0,100,1,P,26-01-2026,9.27
5,1CR23IS126,BCS501, SOFTWARE ENGINEERING AND PROJECT MANAGEMENT,46,36,82,1,P,BCS502,COMPUTER NETWORTKS,40,21,61,1,P,BCS503,THEORY OF COMPUTATION,31,25,56,1,P,BAIL504,DATA VISUALIZATION LAB,49,48,97,1,P,BIS586,MINI PROJECT,92,0,92,1,P,BRMK557, RESEARCH METHODOLOGY AND IPR,34,34,68,1,P,BCS508,ENVIRONMENTAL STUDIES AND E-WASTE MANAGEMENT,32,37,69,1,P,BCS515D, DISTRIBUTED SYSTEMS,42,35,77,1,P,BPRK559,PHYSICAL EDUCATION,70,0,70,1,P,26-01-2026,7.73
5,1CR23IS127,BCS501, SOFTWARE ENGINEERING AND PROJECT MANAGEMENT,47,24,71,1,P,BCS502,COMPUTER NETWORTKS,45,27,72,1,P,BCS503,THEORY OF COMPUTATION,44,42,86,1,P,BAIL504,DATA VISUALIZATION LAB,47,50,97,1,P,BIS586,MINI PROJECT,83,0,83,1,P,BRMK557, RESEARCH METHODOLOGY AND IPR,42,29,71,1,P,BCS508,ENVIRONMENTAL STUDIES AND E-WASTE MANAGEMENT,40,31,71,1,P,BCS515D, DISTRIBUTED SYSTEMS,40,29,69,1,P,BPRK559,NATIONAL SERVICE SCHEME,100,0,100,1,P,26-01-2026,8.23
5,1CR23IS128,BCS501, SOFTWARE ENGINEERING AND PROJECT MANAGEMENT,41,25,66,1,P,BCS502,COMPUTER NETWORTKS,45,26,71,1,P,BCS503,THEORY OF COMPUTATION,39,20,59,1,P,BAIL504,DATA VISUALIZATION LAB,46,46,92,1,P,BIS586,MINI PROJECT,90,0,90,1,P,BRMK557, RESEARCH METHODOLOGY AND IPR,40,29,69,1,P,BCS508,ENVIRONMENTAL STUDIES AND E-WASTE MANAGEMENT,43,33,76,1,P,BCS515D, DISTRIBUTED SYSTEMS,39,37,76,1,P,BPRK559,NATIONAL SERVICE SCHEME,100,0,100,1,P,26-01-2026,7.59
5,1CR23IS129,BCS501, SOFTWARE ENGINEERING AND PROJECT MANAGEMENT,46,20,66,1,P,BCS502,COMPUTER NETWORTKS,42,13,55,1,F,BCS503,THEORY OF COMPUTATION,42,29,71,1,P,BAIL504,DATA VISUALIZATION LAB,48,48,96,1,P,BIS586,MINI PROJECT,91,0,91,1,P,BRMK557, RESEARCH METHODOLOGY AND IPR,45,28,73,1,P,BCS508,ENVIRONMENTAL STUDIES AND E-WASTE MANAGEMENT,45,38,83,1,P,BCS515D, DISTRIBUTED SYSTEMS,42,31,73,1,P,BPRK559,NATIONAL SERVICE SCHEME,100,0,100,1,P,26-01-2026,7.77
5,1CR23IS130,BCS501, SOFTWARE ENGINEERING AND PROJECT MANAGEMENT,50,39,89,1,P,BCS502,COMPUTER NETWORTKS,49,37,86,1,P,BCS503,THEORY OF COMPUTATION,49,37,86,1,P,BAIL504,DATA VISUALIZATION LAB,49,50,99,1,P,BIS586,MINI PROJECT,97,0,97,1,P,BRMK557, RESEARCH METHODOLOGY AND IPR,50,31,81,1,P,BCS508,ENVIRONMENTAL STUDIES AND E-WASTE MANAGEMENT,48,38,86,1,P,BCS515D, DISTRIBUTED SYSTEMS,45,39,84,1,P,BPRK559,NATIONAL SERVICE SCHEME,100,0,100,1,P,26-01-2026,9.14
5,1CR23IS131,BCS501, SOFTWARE ENGINEERING AND PROJECT MANAGEMENT,39,28,67,1,P,BCS502,COMPUTER NETWORTKS,42,20,62,1,P,BCS503,THEORY OF COMPUTATION,38,33,71,1,P,BAIL504,DATA VISUALIZATION LAB,46,48,94,1,P,BIS586,MINI PROJECT,62,0,62,1,P,BRMK557, RESEARCH METHODOLOGY AND IPR,29,32,61,1,P,BCS508,ENVIRONMENTAL STUDIES AND E-WASTE MANAGEMENT,48,42,90,1,P,BCS515D, DISTRIBUTED SYSTEMS,29,20,49,1,P,BPRK559,NATIONAL SERVICE SCHEME,100,0,100,1,P,26-01-2026,7.05
5,1CR23IS132,BCS501, SOFTWARE ENGINEERING AND PROJECT MANAGEMENT,50,32,82,1,P,BCS502,COMPUTER NETWORTKS,47,23,70,1,P,BCS503,THEORY OF COMPUTATION,47,34,81,1,P,BAIL504,DATA VISUALIZATION LAB,48,49,97,1,P,BIS586,MINI PROJECT,95,0,95,1,P,BRMK557, RESEARCH METHODOLOGY AND IPR,42,42,84,1,P,BCS508,ENVIRONMENTAL STUDIES AND E-WASTE MANAGEMENT,45,29,74,1,P,BCS515D, DISTRIBUTED SYSTEMS,41,29,70,1,P,BPRK559,PHYSICAL EDUCATION,74,0,74,1,P,26-01-2026,8.77
5,1CR23IS133,BCS501, SOFTWARE ENGINEERING AND PROJECT MANAGEMENT,50,34,84,1,P,BCS502,COMPUTER NETWORTKS,48,35,83,1,P,BCS503,THEORY OF COMPUTATION,48,35,83,1,P,BAIL504,DATA VISUALIZATION LAB,46,49,95,1,P,BIS586,MINI PROJECT,97,0,97,1,P,BRMK557, RESEARCH METHODOLOGY AND IPR,46,39,85,1,P,BCS508,ENVIRONMENTAL STUDIES AND E-WASTE MANAGEMENT,46,34,80,1,P,BCS515D, DISTRIBUTED SYSTEMS,48,35,83,1,P,BPRK559,NATIONAL SERVICE SCHEME,100,0,100,1,P,26-01-2026,9.14
5,1CR23IS134,BCS501, SOFTWARE ENGINEERING AND PROJECT MANAGEMENT,40,30,70,1,P,BCS502,COMPUTER NETWORTKS,43,20,63,1,P,BCS503,THEORY OF COMPUTATION,45,30,75,1,P,BAIL504,DATA VISUALIZATION LAB,49,49,98,1,P,BIS586,MINI PROJECT,97,0,97,1,P,BRMK557, RESEARCH METHODOLOGY AND IPR,47,30,77,1,P,BCS508,ENVIRONMENTAL STUDIES AND E-WASTE MANAGEMENT,45,27,72,1,P,BCS515D, DISTRIBUTED SYSTEMS,42,19,61,1,P,BPRK559,PHYSICAL EDUCATION,82,0,82,1,P,26-01-2026,7.95
5,1CR23IS135,BCS501, SOFTWARE ENGINEERING AND PROJECT MANAGEMENT,50,35,85,1,P,BCS502,COMPUTER NETWORTKS,48,36,84,1,P,BCS503,THEORY OF COMPUTATION,50,36,86,1,P,BAIL504,DATA VISUALIZATION LAB,50,50,100,1,P,BIS586,MINI PROJECT,91,0,91,1,P,BRMK557, RESEARCH METHODOLOGY AND IPR,49,41,90,1,P,BCS508,ENVIRONMENTAL STUDIES AND E-WASTE MANAGEMENT,47,36,83,1,P,BCS515D, DISTRIBUTED SYSTEMS,47,32,79,1,P,BPRK559,NATIONAL SERVICE SCHEME,100,0,100,1,P,26-01-2026,9.14
5,1CR23IS136,BCS501, SOFTWARE ENGINEERING AND PROJECT MANAGEMENT,46,40,86,1,P,BCS502,COMPUTER NETWORTKS,48,27,75,1,P,BCS503,THEORY OF COMPUTATION,48,33,81,1,P,BAIL504,DATA VISUALIZATION LAB,50,50,100,1,P,BIS586,MINI PROJECT,97,0,97,1,P,BRMK557, RESEARCH METHODOLOGY AND IPR,48,37,85,1,P,BCS508,ENVIRONMENTAL STUDIES AND E-WASTE MANAGEMENT,44,29,73,1,P,BCS515D, DISTRIBUTED SYSTEMS,47,36,83,1,P,BPRK559,PHYSICAL EDUCATION,82,0,82,1,P,26-01-2026,8.91
5,1CR23IS137,BCS501, SOFTWARE ENGINEERING AND PROJECT MANAGEMENT,40,21,61,1,P,BCS502,COMPUTER NETWORTKS,40,18,58,1,P,BCS503,THEORY OF COMPUTATION,39,12,51,1,F,BAIL504,DATA VISUALIZATION LAB,47,48,95,1,P,BIS586,MINI PROJECT,91,0,91,1,P,BRMK557, RESEARCH METHODOLOGY AND IPR,35,33,68,1,P,BCS508,ENVIRONMENTAL STUDIES AND E-WASTE MANAGEMENT,45,30,75,1,P,BCS515D, DISTRIBUTED SYSTEMS,37,37,74,1,P,BPRK559,NATIONAL SERVICE SCHEME,100,0,100,1,P,26-01-2026,7.05
5,1CR23IS138,BCS501, SOFTWARE ENGINEERING AND PROJECT MANAGEMENT,45,30,75,1,P,BCS502,COMPUTER NETWORTKS,41,45,86,1,P,BCS503,THEORY OF COMPUTATION,42,20,62,1,P,BAIL504,DATA VISUALIZATION LAB,45,49,94,1,P,BIS586,MINI PROJECT,84,0,84,1,P,BRMK557, RESEARCH METHODOLOGY AND IPR,36,39,75,1,P,BCS508,ENVIRONMENTAL STUDIES AND E-WASTE MANAGEMENT,46,37,83,1,P,BCS515D, DISTRIBUTED SYSTEMS,42,33,75,1,P,BPRK559,PHYSICAL EDUCATION,80,0,80,1,P,26-01-2026,8.23
5,1CR23IS139,BCS501, SOFTWARE ENGINEERING AND PROJECT MANAGEMENT,46,24,70,1,P,BCS502,COMPUTER NETWORTKS,45,25,70,1,P,BCS503,THEORY OF COMPUTATION,49,38,87,1,P,BAIL504,DATA VISUALIZATION LAB,49,50,99,1,P,BIS586,MINI PROJECT,98,0,98,1,P,BRMK557, RESEARCH METHODOLOGY AND IPR,45,39,84,1,P,BCS508,ENVIRONMENTAL STUDIES AND E-WASTE MANAGEMENT,45,36,81,1,P,BCS515D, DISTRIBUTED SYSTEMS,48,38,86,1,P,BPRK559,PHYSICAL EDUCATION,79,0,79,1,P,26-01-2026,8.77
5,1CR23IS140,BCS501, SOFTWARE ENGINEERING AND PROJECT MANAGEMENT,46,40,86,1,P,BCS502,COMPUTER NETWORTKS,46,20,66,1,P,BCS503,THEORY OF COMPUTATION,50,33,83,1,P,BAIL504,DATA VISUALIZATION LAB,49,50,99,1,P,BIS586,MINI PROJECT,98,0,98,1,P,BRMK557, RESEARCH METHODOLOGY AND IPR,47,23,70,1,P,BCS508,ENVIRONMENTAL STUDIES AND E-WASTE MANAGEMENT,46,35,81,1,P,BCS515D, DISTRIBUTED SYSTEMS,46,28,74,1,P,BPRK559,PHYSICAL EDUCATION,84,0,84,1,P,26-01-2026,8.5
5,1CR23IS141,BCS501, SOFTWARE ENGINEERING AND PROJECT MANAGEMENT,45,29,74,1,P,BCS502,COMPUTER NETWORTKS,48,26,74,1,P,BCS503,THEORY OF COMPUTATION,49,40,89,1,P,BAIL504,DATA VISUALIZATION LAB,49,50,99,1,P,BIS586,MINI PROJECT,94,0,94,1,P,BRMK557, RESEARCH METHODOLOGY AND IPR,49,42,91,1,P,BCS508,ENVIRONMENTAL STUDIES AND E-WASTE MANAGEMENT,46,32,78,1,P,BCS515D, DISTRIBUTED SYSTEMS,43,40,83,1,P,BPRK559,PHYSICAL EDUCATION,81,0,81,1,P,26-01-2026,8.86
5,1CR23IS142,BCS501, SOFTWARE ENGINEERING AND PROJECT MANAGEMENT,31,22,53,1,P,BCS502,COMPUTER NETWORTKS,38,28,66,1,P,BCS503,THEORY OF COMPUTATION,32,23,55,1,P,BAIL504,DATA VISUALIZATION LAB,44,30,74,1,P,BIS586,MINI PROJECT,93,0,93,1,P,BRMK557, RESEARCH METHODOLOGY AND IPR,30,36,66,1,P,BCS508,ENVIRONMENTAL STUDIES AND E-WASTE MANAGEMENT,42,29,71,1,P,BCS515D, DISTRIBUTED SYSTEMS,29,31,60,1,P,BPRK559,PHYSICAL EDUCATION,80,0,80,1,P,26-01-2026,6.82
5,1CR23IS143,BCS501, SOFTWARE ENGINEERING AND PROJECT MANAGEMENT,40,32,72,1,P,BCS502,COMPUTER NETWORTKS,42,18,60,1,P,BCS503,THEORY OF COMPUTATION,43,13,56,1,F,BAIL504,DATA VISUALIZATION LAB,46,50,96,1,P,BIS586,MINI PROJECT,98,0,98,1,P,BRMK557, RESEARCH METHODOLOGY AND IPR,48,35,83,1,P,BCS508,ENVIRONMENTAL STUDIES AND E-WASTE MANAGEMENT,46,38,84,1,P,BCS515D, DISTRIBUTED SYSTEMS,35,21,56,1,P,BPRK559,PHYSICAL EDUCATION,81,0,81,1,P,26-01-2026,7.64
5,1CR23IS144,BCS501, SOFTWARE ENGINEERING AND PROJECT MANAGEMENT,41,23,64,1,P,BCS502,COMPUTER NETWORTKS,44,21,65,1,P,BCS503,THEORY OF COMPUTATION,47,35,82,1,P,BAIL504,DATA VISUALIZATION LAB,49,50,99,1,P,BIS586,MINI PROJECT,99,0,99,1,P,BRMK557, RESEARCH METHODOLOGY AND IPR,47,36,83,1,P,BCS508,ENVIRONMENTAL STUDIES AND E-WASTE MANAGEMENT,46,30,76,1,P,BCS515D, DISTRIBUTED SYSTEMS,36,28,64,1,P,BPRK559,PHYSICAL EDUCATION,73,0,73,1,P,26-01-2026,8.09
5,1CR23IS145,BCS501, SOFTWARE ENGINEERING AND PROJECT MANAGEMENT,45,24,69,1,P,BCS502,COMPUTER NETWORTKS,45,30,75,1,P,BCS503,THEORY OF COMPUTATION,41,42,83,1,P,BAIL504,DATA VISUALIZATION LAB,46,48,94,1,P,BIS586,MINI PROJECT,98,0,98,1,P,BRMK557, RESEARCH METHODOLOGY AND IPR,47,33,80,1,P,BCS508,ENVIRONMENTAL STUDIES AND E-WASTE MANAGEMENT,42,35,77,1,P,BCS515D, DISTRIBUTED SYSTEMS,42,24,66,1,P,BPRK559,PHYSICAL EDUCATION,84,0,84,1,P,26-01-2026,8.27
5,1CR23IS146,BCS501, SOFTWARE ENGINEERING AND PROJECT MANAGEMENT,43,31,74,1,P,BCS502,COMPUTER NETWORTKS,40,28,68,1,P,BCS503,THEORY OF COMPUTATION,34,33,67,1,P,BAIL504,DATA VISUALIZATION LAB,48,50,98,1,P,BIS586,MINI PROJECT,88,0,88,1,P,BRMK557, RESEARCH METHODOLOGY AND IPR,43,35,78,1,P,BCS508,ENVIRONMENTAL STUDIES AND E-WASTE MANAGEMENT,45,33,78,1,P,BCS515D, DISTRIBUTED SYSTEMS,41,28,69,1,P,BPRK559,PHYSICAL EDUCATION,82,0,82,1,P,26-01-2026,7.68
5,1CR23IS147,BCS501, SOFTWARE ENGINEERING AND PROJECT MANAGEMENT,46,25,71,1,P,BCS502,COMPUTER NETWORTKS,45,30,75,1,P,BCS503,THEORY OF COMPUTATION,41,46,87,1,P,BAIL504,DATA VISUALIZATION LAB,50,50,100,1,P,BIS586,MINI PROJECT,97,0,97,1,P,BRMK557, RESEARCH METHODOLOGY AND IPR,48,32,80,1,P,BCS508,ENVIRONMENTAL STUDIES AND E-WASTE MANAGEMENT,49,42,91,1,P,BCS515D, DISTRIBUTED SYSTEMS,46,38,84,1,P,BPRK559,PHYSICAL EDUCATION,84,0,84,1,P,26-01-2026,8.82
5,1CR23IS148,BCS501, SOFTWARE ENGINEERING AND PROJECT MANAGEMENT,45,27,72,1,P,BCS502,COMPUTER NETWORTKS,44,27,71,1,P,BCS503,THEORY OF COMPUTATION,45,32,77,1,P,BAIL504,DATA VISUALIZATION LAB,50,50,100,1,P,BIS586,MINI PROJECT,99,0,99,1,P,BRMK557, RESEARCH METHODOLOGY AND IPR,46,40,86,1,P,BCS508,ENVIRONMENTAL STUDIES AND E-WASTE MANAGEMENT,48,41,89,1,P,BCS515D, DISTRIBUTED SYSTEMS,45,33,78,1,P,BPRK559,PHYSICAL EDUCATION,84,0,84,1,P,26-01-2026,8.45
5,1CR23IS149,BCS501, SOFTWARE ENGINEERING AND PROJECT MANAGEMENT,41,22,63,1,P,BCS502,COMPUTER NETWORTKS,38,25,63,1,P,BCS503,THEORY OF COMPUTATION,31,41,72,1,P,BAIL504,DATA VISUALIZATION LAB,48,49,97,1,P,BIS586,MINI PROJECT,91,0,91,1,P,BRMK557, RESEARCH METHODOLOGY AND IPR,36,31,67,1,P,BCS508,ENVIRONMENTAL STUDIES AND E-WASTE MANAGEMENT,47,38,85,1,P,BCS515D, DISTRIBUTED SYSTEMS,41,27,68,1,P,BPRK559,PHYSICAL EDUCATION,79,0,79,1,P,26-01-2026,7.68
5,1CR23IS151,BCS501, SOFTWARE ENGINEERING AND PROJECT MANAGEMENT,22,28,50,1,P,BCS502,COMPUTER NETWORTKS,25,18,43,1,P,BCS503,THEORY OF COMPUTATION,22,21,43,1,P,BAIL504,DATA VISUALIZATION LAB,40,43,83,1,P,BIS586,MINI PROJECT,65,0,65,1,P,BRMK557, RESEARCH METHODOLOGY AND IPR,24,31,55,1,P,BCS508,ENVIRONMENTAL STUDIES AND E-WASTE MANAGEMENT,22,27,49,1,P,BCS515D, DISTRIBUTED SYSTEMS,22,22,44,1,P,BPRK559,PHYSICAL EDUCATION,60,0,60,1,P,26-01-2026,4.95
5,1CR23IS152,BCS501, SOFTWARE ENGINEERING AND PROJECT MANAGEMENT,25,19,44,1,P,BCS502,COMPUTER NETWORTKS,30,13,43,1,F,BCS503,THEORY OF COMPUTATION,22,25,47,1,P,BAIL504,DATA VISUALIZATION LAB,43,43,86,1,P,BIS586,MINI PROJECT,65,0,65,1,P,BRMK557, RESEARCH METHODOLOGY AND IPR,24,28,52,1,P,BCS508,ENVIRONMENTAL STUDIES AND E-WASTE MANAGEMENT,44,27,71,1,P,BCS515D, DISTRIBUTED SYSTEMS,27,24,51,1,P,BPRK559,PHYSICAL EDUCATION,81,0,81,1,P,26-01-2026,4.95
5,1CR23IS153,BCS501, SOFTWARE ENGINEERING AND PROJECT MANAGEMENT,46,34,80,1,P,BCS502,COMPUTER NETWORTKS,48,22,70,1,P,BCS503,THEORY OF COMPUTATION,50,28,78,1,P,BAIL504,DATA VISUALIZATION LAB,50,50,100,1,P,BIS586,MINI PROJECT,98,0,98,1,P,BRMK557, RESEARCH METHODOLOGY AND IPR,48,44,92,1,P,BCS508,ENVIRONMENTAL STUDIES AND E-WASTE MANAGEMENT,46,36,82,1,P,BCS515D, DISTRIBUTED SYSTEMS,46,38,84,1,P,BPRK559,PHYSICAL EDUCATION,84,0,84,1,P,26-01-2026,8.91
5,1CR23IS154,BCS501, SOFTWARE ENGINEERING AND PROJECT MANAGEMENT,44,32,76,1,P,BCS502,COMPUTER NETWORTKS,41,39,80,1,P,BCS503,THEORY OF COMPUTATION,48,38,86,1,P,BAIL504,DATA VISUALIZATION LAB,47,48,95,1,P,BIS586,MINI PROJECT,94,0,94,1,P,BRMK557, RESEARCH METHODOLOGY AND IPR,49,41,90,1,P,BCS508,ENVIRONMENTAL STUDIES AND E-WASTE MANAGEMENT,47,31,78,1,P,BCS515D, DISTRIBUTED SYSTEMS,46,36,82,1,P,BPRK559,PHYSICAL EDUCATION,82,0,82,1,P,26-01-2026,9.05
5,1CR23IS155,BCS501, SOFTWARE ENGINEERING AND PROJECT MANAGEMENT,45,25,70,1,P,BCS502,COMPUTER NETWORTKS,48,27,75,1,P,BCS503,THEORY OF COMPUTATION,50,40,90,1,P,BAIL504,DATA VISUALIZATION LAB,49,50,99,1,P,BIS586,MINI PROJECT,97,0,97,1,P,BRMK557, RESEARCH METHODOLOGY AND IPR,48,40,88,1,P,BCS508,ENVIRONMENTAL STUDIES AND E-WASTE MANAGEMENT,47,38,85,1,P,BCS515D, DISTRIBUTED SYSTEMS,47,29,76,1,P,BPRK559,PHYSICAL EDUCATION,82,0,82,1,P,26-01-2026,8.82
5,1CR23IS156,BCS501, SOFTWARE ENGINEERING AND PROJECT MANAGEMENT,24,8,32,1,F,BCS502,COMPUTER NETWORTKS,34,20,54,1,P,BCS503,THEORY OF COMPUTATION,22,19,41,1,P,BAIL504,DATA VISUALIZATION LAB,46,48,94,1,P,BIS586,MINI PROJECT,68,0,68,1,P,BRMK557, RESEARCH METHODOLOGY AND IPR,24,20,44,1,P,BCS508,ENVIRONMENTAL STUDIES AND E-WASTE MANAGEMENT,28,23,51,1,P,BCS515D, DISTRIBUTED SYSTEMS,22,15,37,1,F,BPRK559,PHYSICAL EDUCATION,65,0,65,1,P,26-01-2026,3.5
5,1CR23IS158,BCS501, SOFTWARE ENGINEERING AND PROJECT MANAGEMENT,36,32,68,1,P,BCS502,COMPUTER NETWORTKS,38,28,66,1,P,BCS503,THEORY OF COMPUTATION,45,29,74,1,P,BAIL504,DATA VISUALIZATION LAB,48,50,98,1,P,BIS586,MINI PROJECT,85,0,85,1,P,BRMK557, RESEARCH METHODOLOGY AND IPR,35,39,74,1,P,BCS508,ENVIRONMENTAL STUDIES AND E-WASTE MANAGEMENT,37,33,70,1,P,BCS515D, DISTRIBUTED SYSTEMS,43,41,84,1,P,BPRK559,PHYSICAL EDUCATION,79,0,79,1,P,26-01-2026,7.95
5,1CR23IS159,BCS501, SOFTWARE ENGINEERING AND PROJECT MANAGEMENT,37,34,71,1,P,BCS502,COMPUTER NETWORTKS,38,26,64,1,P,BCS503,THEORY OF COMPUTATION,37,26,63,1,P,BAIL504,DATA VISUALIZATION LAB,47,46,93,1,P,BIS586,MINI PROJECT,91,0,91,1,P,BRMK557, RESEARCH METHODOLOGY AND IPR,35,18,53,1,P,BCS508,ENVIRONMENTAL STUDIES AND E-WASTE MANAGEMENT,47,30,77,1,P,BCS515D, DISTRIBUTED SYSTEMS,37,36,73,1,P,BPRK559,PHYSICAL EDUCATION,81,0,81,1,P,26-01-2026,7.5
5,1CR23IS160,BCS501, SOFTWARE ENGINEERING AND PROJECT MANAGEMENT,43,34,77,1,P,BCS502,COMPUTER NETWORTKS,45,31,76,1,P,BCS503,THEORY OF COMPUTATION,46,33,79,1,P,BAIL504,DATA VISUALIZATION LAB,50,50,100,1,P,BIS586,MINI PROJECT,99,0,99,1,P,BRMK557, RESEARCH METHODOLOGY AND IPR,46,33,79,1,P,BCS508,ENVIRONMENTAL STUDIES AND E-WASTE MANAGEMENT,44,34,78,1,P,BCS515D, DISTRIBUTED SYSTEMS,45,28,73,1,P,BPRK559,PHYSICAL EDUCATION,82,0,82,1,P,26-01-2026,8.27
5,1CR23IS161,BCS501, SOFTWARE ENGINEERING AND PROJECT MANAGEMENT,47,22,69,1,P,BCS502,COMPUTER NETWORTKS,43,23,66,1,P,BCS503,THEORY OF COMPUTATION,46,19,65,1,P,BAIL504,DATA VISUALIZATION LAB,38,47,85,1,P,BIS586,MINI PROJECT,87,0,87,1,P,BRMK557, RESEARCH METHODOLOGY AND IPR,33,27,60,1,P,BCS508,ENVIRONMENTAL STUDIES AND E-WASTE MANAGEMENT,45,30,75,1,P,BCS515D, DISTRIBUTED SYSTEMS,39,20,59,1,P,BPRK559,PHYSICAL EDUCATION,81,0,81,1,P,26-01-2026,7.18
5,1CR23IS162,BCS501, SOFTWARE ENGINEERING AND PROJECT MANAGEMENT,44,33,77,1,P,BCS502,COMPUTER NETWORTKS,45,28,73,1,P,BCS503,THEORY OF COMPUTATION,50,22,72,1,P,BAIL504,DATA VISUALIZATION LAB,46,49,95,1,P,BIS586,MINI PROJECT,90,0,90,1,P,BRMK557, RESEARCH METHODOLOGY AND IPR,48,37,85,1,P,BCS508,ENVIRONMENTAL STUDIES AND E-WASTE MANAGEMENT,43,35,78,1,P,BCS515D, DISTRIBUTED SYSTEMS,42,34,76,1,P,BPRK559,NATIONAL SERVICE SCHEME,100,0,100,1,P,26-01-2026,8.41
5,1CR23IS163,BCS501, SOFTWARE ENGINEERING AND PROJECT MANAGEMENT,46,30,76,1,P,BCS502,COMPUTER NETWORTKS,46,26,72,1,P,BCS503,THEORY OF COMPUTATION,48,43,91,1,P,BAIL504,DATA VISUALIZATION LAB,48,50,98,1,P,BIS586,MINI PROJECT,92,0,92,1,P,BRMK557, RESEARCH METHODOLOGY AND IPR,48,40,88,1,P,BCS508,ENVIRONMENTAL STUDIES AND E-WASTE MANAGEMENT,47,40,87,1,P,BCS515D, DISTRIBUTED SYSTEMS,44,38,82,1,P,BPRK559,NATIONAL SERVICE SCHEME,100,0,100,1,P,26-01-2026,8.95
5,1CR23IS164,BCS501, SOFTWARE ENGINEERING AND PROJECT MANAGEMENT,41,22,63,1,P,BCS502,COMPUTER NETWORTKS,43,20,63,1,P,BCS503,THEORY OF COMPUTATION,44,22,66,1,P,BAIL504,DATA VISUALIZATION LAB,48,49,97,1,P,BIS586,MINI PROJECT,91,0,91,1,P,BRMK557, RESEARCH METHODOLOGY AND IPR,48,39,87,1,P,BCS508,ENVIRONMENTAL STUDIES AND E-WASTE MANAGEMENT,47,34,81,1,P,BCS515D, DISTRIBUTED SYSTEMS,42,20,62,1,P,BPRK559,PHYSICAL EDUCATION,82,0,82,1,P,26-01-2026,7.77
5,1CR23IS165,BCS501, SOFTWARE ENGINEERING AND PROJECT MANAGEMENT,40,20,60,1,P,BCS502,COMPUTER NETWORTKS,40,24,64,1,P,BCS503,THEORY OF COMPUTATION,33,34,67,1,P,BAIL504,DATA VISUALIZATION LAB,46,48,94,1,P,BIS586,MINI PROJECT,92,0,92,1,P,BRMK557, RESEARCH METHODOLOGY AND IPR,46,24,70,1,P,BCS508,ENVIRONMENTAL STUDIES AND E-WASTE MANAGEMENT,46,36,82,1,P,BCS515D, DISTRIBUTED SYSTEMS,31,24,55,1,P,BPRK559,PHYSICAL EDUCATION,95,0,95,1,P,26-01-2026,7.5
5,1CR23IS166,BCS501, SOFTWARE ENGINEERING AND PROJECT MANAGEMENT,34,21,55,1,P,BCS502,COMPUTER NETWORTKS,39,22,61,1,P,BCS503,THEORY OF COMPUTATION,28,38,66,1,P,BAIL504,DATA VISUALIZATION LAB,42,49,91,1,P,BIS586,MINI PROJECT,82,0,82,1,P,BRMK557, RESEARCH METHODOLOGY AND IPR,40,30,70,1,P,BCS508,ENVIRONMENTAL STUDIES AND E-WASTE MANAGEMENT,45,36,81,1,P,BCS515D, DISTRIBUTED SYSTEMS,30,38,68,1,P,BPRK559,PHYSICAL EDUCATION,83,0,83,1,P,26-01-2026,7.36
5,1CR23IS167,BCS501, SOFTWARE ENGINEERING AND PROJECT MANAGEMENT,40,19,59,1,P,BCS502,COMPUTER NETWORTKS,39,24,63,1,P,BCS503,THEORY OF COMPUTATION,39,29,68,1,P,BAIL504,DATA VISUALIZATION LAB,46,47,93,1,P,BIS586,MINI PROJECT,91,0,91,1,P,BRMK557, RESEARCH METHODOLOGY AND IPR,34,39,73,1,P,BCS508,ENVIRONMENTAL STUDIES AND E-WASTE MANAGEMENT,30,27,57,1,P,BCS515D, DISTRIBUTED SYSTEMS,38,33,71,1,P,BPRK559,PHYSICAL EDUCATION,95,0,95,1,P,26-01-2026,7.45
5,1CR23IS168,BCS501, SOFTWARE ENGINEERING AND PROJECT MANAGEMENT,49,24,73,1,P,BCS502,COMPUTER NETWORTKS,48,31,79,1,P,BCS503,THEORY OF COMPUTATION,49,33,82,1,P,BAIL504,DATA VISUALIZATION LAB,49,49,98,1,P,BIS586,MINI PROJECT,94,0,94,1,P,BRMK557, RESEARCH METHODOLOGY AND IPR,48,33,81,1,P,BCS508,ENVIRONMENTAL STUDIES AND E-WASTE MANAGEMENT,48,36,84,1,P,BCS515D, DISTRIBUTED SYSTEMS,45,41,86,1,P,BPRK559,PHYSICAL EDUCATION,83,0,83,1,P,26-01-2026,8.77
5,1CR23IS169,BCS501, SOFTWARE ENGINEERING AND PROJECT MANAGEMENT,44,33,77,1,P,BCS502,COMPUTER NETWORTKS,47,36,83,1,P,BCS503,THEORY OF COMPUTATION,50,36,86,1,P,BAIL504,DATA VISUALIZATION LAB,49,49,98,1,P,BIS586,MINI PROJECT,94,0,94,1,P,BRMK557, RESEARCH METHODOLOGY AND IPR,48,36,84,1,P,BCS508,ENVIRONMENTAL STUDIES AND E-WASTE MANAGEMENT,46,26,72,1,P,BCS515D, DISTRIBUTED SYSTEMS,46,34,80,1,P,BPRK559,PHYSICAL EDUCATION,81,0,81,1,P,26-01-2026,8.91
5,1CR23IS170,BCS501, SOFTWARE ENGINEERING AND PROJECT MANAGEMENT,47,39,86,1,P,BCS502,COMPUTER NETWORTKS,49,37,86,1,P,BCS503,THEORY OF COMPUTATION,49,32,81,1,P,BAIL504,DATA VISUALIZATION LAB,49,49,98,1,P,BIS586,MINI PROJECT,93,0,93,1,P,BRMK557, RESEARCH METHODOLOGY AND IPR,48,34,82,1,P,BCS508,ENVIRONMENTAL STUDIES AND E-WASTE MANAGEMENT,45,34,79,1,P,BCS515D, DISTRIBUTED SYSTEMS,48,29,77,1,P,BPRK559,PHYSICAL EDUCATION,83,0,83,1,P,26-01-2026,8.95
5,1CR23IS171,BCS501, SOFTWARE ENGINEERING AND PROJECT MANAGEMENT,49,36,85,1,P,BCS502,COMPUTER NETWORTKS,49,39,88,1,P,BCS503,THEORY OF COMPUTATION,50,33,83,1,P,BAIL504,DATA VISUALIZATION LAB,50,49,99,1,P,BIS586,MINI PROJECT,95,0,95,1,P,BRMK557, RESEARCH METHODOLOGY AND IPR,49,39,88,1,P,BCS508,ENVIRONMENTAL STUDIES AND E-WASTE MANAGEMENT,49,32,81,1,P,BCS515D, DISTRIBUTED SYSTEMS,49,32,81,1,P,BPRK559,PHYSICAL EDUCATION,81,0,81,1,P,26-01-2026,9.14
5,1CR23IS172,BCS501, SOFTWARE ENGINEERING AND PROJECT MANAGEMENT,48,32,80,1,P,BCS502,COMPUTER NETWORTKS,47,29,76,1,P,BCS503,THEORY OF COMPUTATION,49,28,77,1,P,BAIL504,DATA VISUALIZATION LAB,50,49,99,1,P,BIS586,MINI PROJECT,82,0,82,1,P,BRMK557, RESEARCH METHODOLOGY AND IPR,48,41,89,1,P,BCS508,ENVIRONMENTAL STUDIES AND E-WASTE MANAGEMENT,38,44,82,1,P,BCS515D, DISTRIBUTED SYSTEMS,46,34,80,1,P,BPRK559,PHYSICAL EDUCATION,81,0,81,1,P,26-01-2026,8.68
5,1CR23IS173,BCS501, SOFTWARE ENGINEERING AND PROJECT MANAGEMENT,45,25,70,1,P,BCS502,COMPUTER NETWORTKS,48,32,80,1,P,BCS503,THEORY OF COMPUTATION,49,8,57,1,F,BAIL504,DATA VISUALIZATION LAB,50,49,99,1,P,BIS586,MINI PROJECT,91,0,91,1,P,BRMK557, RESEARCH METHODOLOGY AND IPR,48,25,73,1,P,BCS508,ENVIRONMENTAL STUDIES AND E-WASTE MANAGEMENT,48,33,81,1,P,BCS515D, DISTRIBUTED SYSTEMS,39,27,66,1,P,BPRK559,PHYSICAL EDUCATION,84,0,84,1,P,26-01-2026,8
5,1CR23IS174,BCS501, SOFTWARE ENGINEERING AND PROJECT MANAGEMENT,47,31,78,1,P,BCS502,COMPUTER NETWORTKS,45,25,70,1,P,BCS503,THEORY OF COMPUTATION,47,20,67,1,P,BAIL504,DATA VISUALIZATION LAB,50,49,99,1,P,BIS586,MINI PROJECT,92,0,92,1,P,BRMK557, RESEARCH METHODOLOGY AND IPR,48,47,95,1,P,BCS508,ENVIRONMENTAL STUDIES AND E-WASTE MANAGEMENT,45,35,80,1,P,BCS515D, DISTRIBUTED SYSTEMS,44,28,72,1,P,BPRK559,PHYSICAL EDUCATION,77,0,77,1,P,26-01-2026,8.41
5,1CR23IS175,BCS501, SOFTWARE ENGINEERING AND PROJECT MANAGEMENT,38,31,69,1,P,BCS502,COMPUTER NETWORTKS,44,11,55,1,F,BCS503,THEORY OF COMPUTATION,36,32,68,1,P,BAIL504,DATA VISUALIZATION LAB,48,46,94,1,P,BIS586,MINI PROJECT,91,0,91,1,P,BRMK557, RESEARCH METHODOLOGY AND IPR,48,33,81,1,P,BCS508,ENVIRONMENTAL STUDIES AND E-WASTE MANAGEMENT,47,29,76,1,P,BCS515D, DISTRIBUTED SYSTEMS,40,23,63,1,P,BPRK559,PHYSICAL EDUCATION,82,0,82,1,P,26-01-2026,7.55
5,1CR23IS176,BCS501, SOFTWARE ENGINEERING AND PROJECT MANAGEMENT,37,27,64,1,P,BCS502,COMPUTER NETWORTKS,40,20,60,1,P,BCS503,THEORY OF COMPUTATION,42,27,69,1,P,BAIL504,DATA VISUALIZATION LAB,46,49,95,1,P,BIS586,MINI PROJECT,93,0,93,1,P,BRMK557, RESEARCH METHODOLOGY AND IPR,45,34,79,1,P,BCS508,ENVIRONMENTAL STUDIES AND E-WASTE MANAGEMENT,45,32,77,1,P,BCS515D, DISTRIBUTED SYSTEMS,39,30,69,1,P,BPRK559,PHYSICAL EDUCATION,95,0,95,1,P,26-01-2026,7.59
5,1CR23IS177,BCS501, SOFTWARE ENGINEERING AND PROJECT MANAGEMENT,30,20,50,1,P,BCS502,COMPUTER NETWORTKS,43,11,54,1,F,BCS503,THEORY OF COMPUTATION,24,13,37,1,F,BAIL504,DATA VISUALIZATION LAB,46,48,94,1,P,BIS586,MINI PROJECT,85,0,85,1,P,BRMK557, RESEARCH METHODOLOGY AND IPR,34,30,64,1,P,BCS508,ENVIRONMENTAL STUDIES AND E-WASTE MANAGEMENT,30,29,59,1,P,BCS515D, DISTRIBUTED SYSTEMS,26,28,54,1,P,BPRK559,PHYSICAL EDUCATION,93,0,93,1,P,26-01-2026,5
5,1CR23IS178,BCS501, SOFTWARE ENGINEERING AND PROJECT MANAGEMENT,31,19,50,1,P,BCS502,COMPUTER NETWORTKS,25,0,25,1,A,BCS503,THEORY OF COMPUTATION,22,0,22,1,A,BAIL504,DATA VISUALIZATION LAB,37,0,37,1,A,BIS586,MINI PROJECT,66,0,66,1,P,BRMK557, RESEARCH METHODOLOGY AND IPR,30,0,30,1,A,BCS508,ENVIRONMENTAL STUDIES AND E-WASTE MANAGEMENT,33,0,33,1,A,BCS515D, DISTRIBUTED SYSTEMS,29,0,29,1,A,BPRK559,PHYSICAL EDUCATION,70,0,70,1,P,26-01-2026,1.55
5,1CR23IS179,BCS501, SOFTWARE ENGINEERING AND PROJECT MANAGEMENT,35,18,53,1,P,BCS502,COMPUTER NETWORTKS,41,27,68,1,P,BCS503,THEORY OF COMPUTATION,41,29,70,1,P,BAIL504,DATA VISUALIZATION LAB,48,45,93,1,P,BIS586,MINI PROJECT,62,0,62,1,P,BRMK557, RESEARCH METHODOLOGY AND IPR,42,25,67,1,P,BCS508,ENVIRONMENTAL STUDIES AND E-WASTE MANAGEMENT,44,22,66,1,P,BCS515D, DISTRIBUTED SYSTEMS,34,18,52,1,P,BPRK559,PHYSICAL EDUCATION,82,0,82,1,P,26-01-2026,6.68
5,1CR23IS180,BCS501, SOFTWARE ENGINEERING AND PROJECT MANAGEMENT,46,21,67,1,P,BCS502,COMPUTER NETWORTKS,46,29,75,1,P,BCS503,THEORY OF COMPUTATION,48,38,86,1,P,BAIL504,DATA VISUALIZATION LAB,50,50,100,1,P,BIS586,MINI PROJECT,97,0,97,1,P,BRMK557, RESEARCH METHODOLOGY AND IPR,46,39,85,1,P,BCS508,ENVIRONMENTAL STUDIES AND E-WASTE MANAGEMENT,44,37,81,1,P,BCS515D, DISTRIBUTED SYSTEMS,43,31,74,1,P,BPRK559,PHYSICAL EDUCATION,82,0,82,1,P,26-01-2026,8.45
5,1CR23IS181,BCS501, SOFTWARE ENGINEERING AND PROJECT MANAGEMENT,50,47,97,1,P,BCS502,COMPUTER NETWORTKS,50,38,88,1,P,BCS503,THEORY OF COMPUTATION,50,39,89,1,P,BAIL504,DATA VISUALIZATION LAB,50,50,100,1,P,BIS586,MINI PROJECT,99,0,99,1,P,BRMK557, RESEARCH METHODOLOGY AND IPR,50,38,88,1,P,BCS508,ENVIRONMENTAL STUDIES AND E-WASTE MANAGEMENT,50,36,86,1,P,BCS515D, DISTRIBUTED SYSTEMS,50,36,86,1,P,BPRK559,PHYSICAL EDUCATION,83,0,83,1,P,26-01-2026,9.32
5,1CR23IS182,BCS501, SOFTWARE ENGINEERING AND PROJECT MANAGEMENT,39,33,72,1,P,BCS502,COMPUTER NETWORTKS,44,26,70,1,P,BCS503,THEORY OF COMPUTATION,41,14,55,1,F,BAIL504,DATA VISUALIZATION LAB,48,49,97,1,P,BIS586,MINI PROJECT,98,0,98,1,P,BRMK557, RESEARCH METHODOLOGY AND IPR,46,18,64,1,P,BCS508,ENVIRONMENTAL STUDIES AND E-WASTE MANAGEMENT,46,33,79,1,P,BCS515D, DISTRIBUTED SYSTEMS,42,18,60,1,P,BPRK559,PHYSICAL EDUCATION,81,0,81,1,P,26-01-2026,7.64
5,1CR23IS183,BCS501, SOFTWARE ENGINEERING AND PROJECT MANAGEMENT,37,32,69,1,P,BCS502,COMPUTER NETWORTKS,39,25,64,1,P,BCS503,THEORY OF COMPUTATION,43,30,73,1,P,BAIL504,DATA VISUALIZATION LAB,38,47,85,1,P,BIS586,MINI PROJECT,89,0,89,1,P,BRMK557, RESEARCH METHODOLOGY AND IPR,33,32,65,1,P,BCS508,ENVIRONMENTAL STUDIES AND E-WASTE MANAGEMENT,39,30,69,1,P,BCS515D, DISTRIBUTED SYSTEMS,36,28,64,1,P,BPRK559,PHYSICAL EDUCATION,82,0,82,1,P,26-01-2026,7.45
5,1CR23IS184,BCS501, SOFTWARE ENGINEERING AND PROJECT MANAGEMENT,40,33,73,1,P,BCS502,COMPUTER NETWORTKS,37,27,64,1,P,BCS503,THEORY OF COMPUTATION,45,36,81,1,P,BAIL504,DATA VISUALIZATION LAB,48,49,97,1,P,BIS586,MINI PROJECT,98,0,98,1,P,BRMK557, RESEARCH METHODOLOGY AND IPR,45,37,82,1,P,BCS508,ENVIRONMENTAL STUDIES AND E-WASTE MANAGEMENT,42,31,73,1,P,BCS515D, DISTRIBUTED SYSTEMS,39,36,75,1,P,BPRK559,PHYSICAL EDUCATION,82,0,82,1,P,26-01-2026,8.41
5,1CR23IS185,BCS501, SOFTWARE ENGINEERING AND PROJECT MANAGEMENT,45,33,78,1,P,BCS502,COMPUTER NETWORTKS,40,32,72,1,P,BCS503,THEORY OF COMPUTATION,48,30,78,1,P,BAIL504,DATA VISUALIZATION LAB,45,48,93,1,P,BIS586,MINI PROJECT,98,0,98,1,P,BRMK557, RESEARCH METHODOLOGY AND IPR,48,41,89,1,P,BCS508,ENVIRONMENTAL STUDIES AND E-WASTE MANAGEMENT,45,24,69,1,P,BCS515D, DISTRIBUTED SYSTEMS,38,29,67,1,P,BPRK559,PHYSICAL EDUCATION,82,0,82,1,P,26-01-2026,8.23
5,1CR23IS186,BCS501, SOFTWARE ENGINEERING AND PROJECT MANAGEMENT,30,20,50,1,P,BCS502,COMPUTER NETWORTKS,32,18,50,1,P,BCS503,THEORY OF COMPUTATION,33,39,72,1,P,BAIL504,DATA VISUALIZATION LAB,43,48,91,1,P,BIS586,MINI PROJECT,66,0,66,1,P,BRMK557, RESEARCH METHODOLOGY AND IPR,39,24,63,1,P,BCS508,ENVIRONMENTAL STUDIES AND E-WASTE MANAGEMENT,43,27,70,1,P,BCS515D, DISTRIBUTED SYSTEMS,26,29,55,1,P,BPRK559,NATIONAL SERVICE SCHEME,100,0,100,1,P,26-01-2026,6.5
5,1CR23IS187,BCS501, SOFTWARE ENGINEERING AND PROJECT MANAGEMENT,43,18,61,1,P,BCS502,COMPUTER NETWORTKS,42,33,75,1,P,BCS503,THEORY OF COMPUTATION,43,30,73,1,P,BAIL504,DATA VISUALIZATION LAB,47,46,93,1,P,BIS586,MINI PROJECT,93,0,93,1,P,BRMK557, RESEARCH METHODOLOGY AND IPR,48,33,81,1,P,BCS508,ENVIRONMENTAL STUDIES AND E-WASTE MANAGEMENT,44,27,71,1,P,BCS515D, DISTRIBUTED SYSTEMS,36,27,63,1,P,BPRK559,PHYSICAL EDUCATION,81,0,81,1,P,26-01-2026,8.09
5,1CR23IS188,BCS501, SOFTWARE ENGINEERING AND PROJECT MANAGEMENT,41,22,63,1,P,BCS502,COMPUTER NETWORTKS,35,19,54,1,P,BCS503,THEORY OF COMPUTATION,40,29,69,1,P,BAIL504,DATA VISUALIZATION LAB,46,49,95,1,P,BIS586,MINI PROJECT,92,0,92,1,P,BRMK557, RESEARCH METHODOLOGY AND IPR,34,37,71,1,P,BCS508,ENVIRONMENTAL STUDIES AND E-WASTE MANAGEMENT,42,33,75,1,P,BCS515D, DISTRIBUTED SYSTEMS,29,36,65,1,P,BPRK559,PHYSICAL EDUCATION,82,0,82,1,P,26-01-2026,7.23
5,1CR23IS189,BCS501, SOFTWARE ENGINEERING AND PROJECT MANAGEMENT,40,32,72,1,P,BCS502,COMPUTER NETWORTKS,37,36,73,1,P,BCS503,THEORY OF COMPUTATION,44,38,82,1,P,BAIL504,DATA VISUALIZATION LAB,49,49,98,1,P,BIS586,MINI PROJECT,90,0,90,1,P,BRMK557, RESEARCH METHODOLOGY AND IPR,48,29,77,1,P,BCS508,ENVIRONMENTAL STUDIES AND E-WASTE MANAGEMENT,45,37,82,1,P,BCS515D, DISTRIBUTED SYSTEMS,41,38,79,1,P,BPRK559,PHYSICAL EDUCATION,80,0,80,1,P,26-01-2026,8.5
5,1CR23IS190,BCS501, SOFTWARE ENGINEERING AND PROJECT MANAGEMENT,33,18,51,1,P,BCS502,COMPUTER NETWORTKS,35,29,64,1,P,BCS503,THEORY OF COMPUTATION,46,22,68,1,P,BAIL504,DATA VISUALIZATION LAB,48,49,97,1,P,BIS586,MINI PROJECT,91,0,91,1,P,BRMK557, RESEARCH METHODOLOGY AND IPR,43,44,87,1,P,BCS508,ENVIRONMENTAL STUDIES AND E-WASTE MANAGEMENT,46,32,78,1,P,BCS515D, DISTRIBUTED SYSTEMS,35,32,67,1,P,BPRK559,PHYSICAL EDUCATION,78,0,78,1,P,26-01-2026,7.36
5,1CR23IS191,BCS501, SOFTWARE ENGINEERING AND PROJECT MANAGEMENT,32,21,53,1,P,BCS502,COMPUTER NETWORTKS,25,6,31,1,F,BCS503,THEORY OF COMPUTATION,22,0,22,1,A,BAIL504,DATA VISUALIZATION LAB,38,45,83,1,P,BIS586,MINI PROJECT,69,0,69,1,P,BRMK557, RESEARCH METHODOLOGY AND IPR,22,0,22,1,A,BCS508,ENVIRONMENTAL STUDIES AND E-WASTE MANAGEMENT,38,0,38,1,A,BCS515D, DISTRIBUTED SYSTEMS,27,0,27,1,A,BPRK559,PHYSICAL EDUCATION,78,0,78,1,P,26-01-2026,1.95
5,1CR23IS192,BCS501, SOFTWARE ENGINEERING AND PROJECT MANAGEMENT,46,28,74,1,P,BCS502,COMPUTER NETWORTKS,46,39,85,1,P,BCS503,THEORY OF COMPUTATION,48,26,74,1,P,BAIL504,DATA VISUALIZATION LAB,50,49,99,1,P,BIS586,MINI PROJECT,93,0,93,1,P,BRMK557, RESEARCH METHODOLOGY AND IPR,47,33,80,1,P,BCS508,ENVIRONMENTAL STUDIES AND E-WASTE MANAGEMENT,46,41,87,1,P,BCS515D, DISTRIBUTED SYSTEMS,47,31,78,1,P,BPRK559,PHYSICAL EDUCATION,79,0,79,1,P,26-01-2026,8.64
5,1CR23IS193,BCS501, SOFTWARE ENGINEERING AND PROJECT MANAGEMENT,40,26,66,1,P,BCS502,COMPUTER NETWORTKS,41,29,70,1,P,BCS503,THEORY OF COMPUTATION,48,27,75,1,P,BAIL504,DATA VISUALIZATION LAB,48,49,97,1,P,BIS586,MINI PROJECT,95,0,95,1,P,BRMK557, RESEARCH METHODOLOGY AND IPR,48,20,68,1,P,BCS508,ENVIRONMENTAL STUDIES AND E-WASTE MANAGEMENT,46,40,86,1,P,BCS515D, DISTRIBUTED SYSTEMS,44,34,78,1,P,BPRK559,PHYSICAL EDUCATION,81,0,81,1,P,26-01-2026,8
5,1CR23IS195,BCS501, SOFTWARE ENGINEERING AND PROJECT MANAGEMENT,37,26,63,1,P,BCS502,COMPUTER NETWORTKS,44,22,66,1,P,BCS503,THEORY OF COMPUTATION,44,30,74,1,P,BAIL504,DATA VISUALIZATION LAB,49,49,98,1,P,BIS586,MINI PROJECT,89,0,89,1,P,BRMK557, RESEARCH METHODOLOGY AND IPR,48,33,81,1,P,BCS508,ENVIRONMENTAL STUDIES AND E-WASTE MANAGEMENT,45,33,78,1,P,BCS515D, DISTRIBUTED SYSTEMS,41,38,79,1,P,BPRK559,PHYSICAL EDUCATION,82,0,82,1,P,26-01-2026,7.95
5,1CR23IS196,BCS501, SOFTWARE ENGINEERING AND PROJECT MANAGEMENT,50,41,91,1,P,BCS502,COMPUTER NETWORTKS,46,40,86,1,P,BCS503,THEORY OF COMPUTATION,48,29,77,1,P,BAIL504,DATA VISUALIZATION LAB,50,50,100,1,P,BIS586,MINI PROJECT,93,0,93,1,P,BRMK557, RESEARCH METHODOLOGY AND IPR,48,35,83,1,P,BCS508,ENVIRONMENTAL STUDIES AND E-WASTE MANAGEMENT,45,40,85,1,P,BCS515D, DISTRIBUTED SYSTEMS,48,42,90,1,P,BPRK559,PHYSICAL EDUCATION,98,0,98,1,P,26-01-2026,9.27
5,1CR23IS197,BCS501, SOFTWARE ENGINEERING AND PROJECT MANAGEMENT,22,4,26,1,F,BCS502,COMPUTER NETWORTKS,24,10,34,1,F,BCS503,THEORY OF COMPUTATION,22,0,22,1,F,BAIL504,DATA VISUALIZATION LAB,40,25,65,1,P,BIS586,MINI PROJECT,50,0,50,1,P,BRMK557, RESEARCH METHODOLOGY AND IPR,23,19,42,1,P,BCS508,ENVIRONMENTAL STUDIES AND E-WASTE MANAGEMENT,33,26,59,1,P,BCS515D, DISTRIBUTED SYSTEMS,22,19,41,1,P,BPRK559,PHYSICAL EDUCATION,65,0,65,1,P,26-01-2026,2.14
5,1CR23IS199,BCS501, SOFTWARE ENGINEERING AND PROJECT MANAGEMENT,43,18,61,1,P,BCS502,COMPUTER NETWORTKS,43,35,78,1,P,BCS503,THEORY OF COMPUTATION,48,29,77,1,P,BAIL504,DATA VISUALIZATION LAB,47,48,95,1,P,BIS586,MINI PROJECT,92,0,92,1,P,BRMK557, RESEARCH METHODOLOGY AND IPR,43,41,84,1,P,BCS508,ENVIRONMENTAL STUDIES AND E-WASTE MANAGEMENT,43,26,69,1,P,BCS515D, DISTRIBUTED SYSTEMS,43,42,85,1,P,BPRK559,PHYSICAL EDUCATION,79,0,79,1,P,26-01-2026,8.32
5,1CR23IS200,BCS501, SOFTWARE ENGINEERING AND PROJECT MANAGEMENT,49,31,80,1,P,BCS502,COMPUTER NETWORTKS,44,32,76,1,P,BCS503,THEORY OF COMPUTATION,49,35,84,1,P,BAIL504,DATA VISUALIZATION LAB,47,48,95,1,P,BIS586,MINI PROJECT,89,0,89,1,P,BRMK557, RESEARCH METHODOLOGY AND IPR,46,39,85,1,P,BCS508,ENVIRONMENTAL STUDIES AND E-WASTE MANAGEMENT,47,29,76,1,P,BCS515D, DISTRIBUTED SYSTEMS,42,36,78,1,P,BPRK559,PHYSICAL EDUCATION,81,0,81,1,P,26-01-2026,8.68
5,1CR23IS201,BCS501, SOFTWARE ENGINEERING AND PROJECT MANAGEMENT,40,32,72,1,P,BCS502,COMPUTER NETWORTKS,34,33,67,1,P,BCS503,THEORY OF COMPUTATION,42,5,47,1,F,BAIL504,DATA VISUALIZATION LAB,41,48,89,1,P,BIS586,MINI PROJECT,94,0,94,1,P,BRMK557, RESEARCH METHODOLOGY AND IPR,46,35,81,1,P,BCS508,ENVIRONMENTAL STUDIES AND E-WASTE MANAGEMENT,46,33,79,1,P,BCS515D, DISTRIBUTED SYSTEMS,35,31,66,1,P,BPRK559,PHYSICAL EDUCATION,98,0,98,1,P,26-01-2026,7.32
5,1CR23IS202,BCS501, SOFTWARE ENGINEERING AND PROJECT MANAGEMENT,50,32,82,1,P,BCS502,COMPUTER NETWORTKS,50,34,84,1,P,BCS503,THEORY OF COMPUTATION,50,44,94,1,P,BAIL504,DATA VISUALIZATION LAB,50,50,100,1,P,BIS586,MINI PROJECT,98,0,98,1,P,BRMK557, RESEARCH METHODOLOGY AND IPR,50,28,78,1,P,BCS508,ENVIRONMENTAL STUDIES AND E-WASTE MANAGEMENT,50,38,88,1,P,BCS515D, DISTRIBUTED SYSTEMS,50,37,87,1,P,BPRK559,PHYSICAL EDUCATION,82,0,82,1,P,26-01-2026,9.18
5,1CR23IS203,BCS501, SOFTWARE ENGINEERING AND PROJECT MANAGEMENT,50,31,81,1,P,BCS502,COMPUTER NETWORTKS,49,34,83,1,P,BCS503,THEORY OF COMPUTATION,47,32,79,1,P,BAIL504,DATA VISUALIZATION LAB,50,50,100,1,P,BIS586,MINI PROJECT,91,0,91,1,P,BRMK557, RESEARCH METHODOLOGY AND IPR,46,26,72,1,P,BCS508,ENVIRONMENTAL STUDIES AND E-WASTE MANAGEMENT,48,40,88,1,P,BCS515D, DISTRIBUTED SYSTEMS,48,34,82,1,P,BPRK559,NATIONAL SERVICE SCHEME,100,0,100,1,P,26-01-2026,8.82
5,1CR23IS204,BCS501, SOFTWARE ENGINEERING AND PROJECT MANAGEMENT,45,36,81,1,P,BCS502,COMPUTER NETWORTKS,44,28,72,1,P,BCS503,THEORY OF COMPUTATION,41,23,64,1,P,BAIL504,DATA VISUALIZATION LAB,47,47,94,1,P,BIS586,MINI PROJECT,80,0,80,1,P,BRMK557, RESEARCH METHODOLOGY AND IPR,43,45,88,1,P,BCS508,ENVIRONMENTAL STUDIES AND E-WASTE MANAGEMENT,47,32,79,1,P,BCS515D, DISTRIBUTED SYSTEMS,36,36,72,1,P,BPRK559,PHYSICAL EDUCATION,81,0,81,1,P,26-01-2026,8.32
5,1CR23IS205,BCS501, SOFTWARE ENGINEERING AND PROJECT MANAGEMENT,48,28,76,1,P,BCS502,COMPUTER NETWORTKS,41,46,87,1,P,BCS503,THEORY OF COMPUTATION,50,26,76,1,P,BAIL504,DATA VISUALIZATION LAB,48,49,97,1,P,BIS586,MINI PROJECT,98,0,98,1,P,BRMK557, RESEARCH METHODOLOGY AND IPR,48,35,83,1,P,BCS508,ENVIRONMENTAL STUDIES AND E-WASTE MANAGEMENT,44,35,79,1,P,BCS515D, DISTRIBUTED SYSTEMS,48,39,87,1,P,BPRK559,PHYSICAL EDUCATION,81,0,81,1,P,26-01-2026,8.73
5,1CR23IS206,BCS501, SOFTWARE ENGINEERING AND PROJECT MANAGEMENT,40,29,69,1,P,BCS502,COMPUTER NETWORTKS,36,37,73,1,P,BCS503,THEORY OF COMPUTATION,50,37,87,1,P,BAIL504,DATA VISUALIZATION LAB,48,49,97,1,P,BIS586,MINI PROJECT,94,0,94,1,P,BRMK557, RESEARCH METHODOLOGY AND IPR,44,42,86,1,P,BCS508,ENVIRONMENTAL STUDIES AND E-WASTE MANAGEMENT,41,36,77,1,P,BCS515D, DISTRIBUTED SYSTEMS,40,32,72,1,P,BPRK559,PHYSICAL EDUCATION,82,0,82,1,P,26-01-2026,8.41
5,1CR23IS207,BCS501, SOFTWARE ENGINEERING AND PROJECT MANAGEMENT,36,30,66,1,P,BCS502,COMPUTER NETWORTKS,39,33,72,1,P,BCS503,THEORY OF COMPUTATION,26,21,47,1,P,BAIL504,DATA VISUALIZATION LAB,47,45,92,1,P,BIS586,MINI PROJECT,67,0,67,1,P,BRMK557, RESEARCH METHODOLOGY AND IPR,23,43,66,1,P,BCS508,ENVIRONMENTAL STUDIES AND E-WASTE MANAGEMENT,47,33,80,1,P,BCS515D, DISTRIBUTED SYSTEMS,24,37,61,1,P,BPRK559,NATIONAL SERVICE SCHEME,100,0,100,1,P,26-01-2026,6.86
5,1CR24IS400,BCS501, SOFTWARE ENGINEERING AND PROJECT MANAGEMENT,36,33,69,1,P,BCS502,COMPUTER NETWORTKS,35,24,59,1,P,BCS503,THEORY OF COMPUTATION,36,22,58,1,P,BAIL504,DATA VISUALIZATION LAB,44,47,91,1,P,BIS586,MINI PROJECT,76,0,76,1,P,BRMK557, RESEARCH METHODOLOGY AND IPR,32,21,53,1,P,BCS508,ENVIRONMENTAL STUDIES AND E-WASTE MANAGEMENT,45,26,71,1,P,BCS515D, DISTRIBUTED SYSTEMS,34,22,56,1,P,BPRK559,PHYSICAL EDUCATION,79,0,79,1,P,26-01-2026,6.5
5,1CR24IS401,BCS501, SOFTWARE ENGINEERING AND PROJECT MANAGEMENT,37,30,67,1,P,BCS502,COMPUTER NETWORTKS,37,27,64,1,P,BCS503,THEORY OF COMPUTATION,34,20,54,1,P,BAIL504,DATA VISUALIZATION LAB,47,47,94,1,P,BIS586,MINI PROJECT,92,0,92,1,P,BRMK557, RESEARCH METHODOLOGY AND IPR,25,23,48,1,P,BCS508,ENVIRONMENTAL STUDIES AND E-WASTE MANAGEMENT,37,24,61,1,P,BCS515D, DISTRIBUTED SYSTEMS,26,25,51,1,P,BPRK559,PHYSICAL EDUCATION,80,0,80,1,P,26-01-2026,6.36
5,1CR24IS402,BCS501, SOFTWARE ENGINEERING AND PROJECT MANAGEMENT,31,26,57,1,P,BCS502,COMPUTER NETWORTKS,37,9,46,1,F,BCS503,THEORY OF COMPUTATION,34,6,40,1,F,BAIL504,DATA VISUALIZATION LAB,47,43,90,1,P,BIS586,MINI PROJECT,93,0,93,1,P,BRMK557, RESEARCH METHODOLOGY AND IPR,34,27,61,1,P,BCS508,ENVIRONMENTAL STUDIES AND E-WASTE MANAGEMENT,46,33,79,1,P,BCS515D, DISTRIBUTED SYSTEMS,22,21,43,1,P,BPRK559,PHYSICAL EDUCATION,79,0,79,1,P,26-01-2026,5.77
5,1CR24IS403,BCS501, SOFTWARE ENGINEERING AND PROJECT MANAGEMENT,42,27,69,1,P,BCS502,COMPUTER NETWORTKS,44,23,67,1,P,BCS503,THEORY OF COMPUTATION,47,31,78,1,P,BAIL504,DATA VISUALIZATION LAB,48,49,97,1,P,BIS586,MINI PROJECT,94,0,94,1,P,BRMK557, RESEARCH METHODOLOGY AND IPR,41,33,74,1,P,BCS508,ENVIRONMENTAL STUDIES AND E-WASTE MANAGEMENT,44,30,74,1,P,BCS515D, DISTRIBUTED SYSTEMS,41,31,72,1,P,BPRK559,NATIONAL SERVICE SCHEME,100,0,100,1,P,26-01-2026,7.91
5,1CR24IS404,BCS501, SOFTWARE ENGINEERING AND PROJECT MANAGEMENT,33,25,58,1,P,BCS502,COMPUTER NETWORTKS,40,11,51,1,F,BCS503,THEORY OF COMPUTATION,32,14,46,1,F,BAIL504,DATA VISUALIZATION LAB,43,40,83,1,P,BIS586,MINI PROJECT,75,0,75,1,P,BRMK557, RESEARCH METHODOLOGY AND IPR,32,24,56,1,P,BCS508,ENVIRONMENTAL STUDIES AND E-WASTE MANAGEMENT,45,26,71,1,P,BCS515D, DISTRIBUTED SYSTEMS,32,27,59,1,P,BPRK559,PHYSICAL EDUCATION,77,0,77,1,P,26-01-2026,5.86
5,1CR24IS405,BCS501, SOFTWARE ENGINEERING AND PROJECT MANAGEMENT,22,18,40,1,P,BCS502,COMPUTER NETWORTKS,31,29,60,1,P,BCS503,THEORY OF COMPUTATION,22,24,46,1,P,BAIL504,DATA VISUALIZATION LAB,22,25,47,1,P,BIS586,MINI PROJECT,50,0,50,1,P,BRMK557, RESEARCH METHODOLOGY AND IPR,22,28,50,1,P,BCS508,ENVIRONMENTAL STUDIES AND E-WASTE MANAGEMENT,22,22,44,1,P,BCS515D, DISTRIBUTED SYSTEMS,22,18,40,1,P,BPRK559,PHYSICAL EDUCATION,60,0,60,1,P,26-01-2026,4.77
5,1CR24IS406,BCS501, SOFTWARE ENGINEERING AND PROJECT MANAGEMENT,42,18,60,1,P,BCS502,COMPUTER NETWORTKS,41,20,61,1,P,BCS503,THEORY OF COMPUTATION,39,29,68,1,P,BAIL504,DATA VISUALIZATION LAB,45,49,94,1,P,BIS586,MINI PROJECT,90,0,90,1,P,BRMK557, RESEARCH METHODOLOGY AND IPR,40,26,66,1,P,BCS508,ENVIRONMENTAL STUDIES AND E-WASTE MANAGEMENT,46,32,78,1,P,BCS515D, DISTRIBUTED SYSTEMS,34,35,69,1,P,BPRK559,PHYSICAL EDUCATION,80,0,80,1,P,26-01-2026,7.45
5,1CR24IS407,BCS501, SOFTWARE ENGINEERING AND PROJECT MANAGEMENT,30,20,50,1,P,BCS502,COMPUTER NETWORTKS,35,24,59,1,P,BCS503,THEORY OF COMPUTATION,27,26,53,1,P,BAIL504,DATA VISUALIZATION LAB,45,46,91,1,P,BIS586,MINI PROJECT,90,0,90,1,P,BRMK557, RESEARCH METHODOLOGY AND IPR,34,30,64,1,P,BCS508,ENVIRONMENTAL STUDIES AND E-WASTE MANAGEMENT,42,26,68,1,P,BCS515D, DISTRIBUTED SYSTEMS,31,18,49,1,P,BPRK559,PHYSICAL EDUCATION,73,0,73,1,P,26-01-2026,6.09
5,1CR24IS408,BCS501, SOFTWARE ENGINEERING AND PROJECT MANAGEMENT,31,14,45,1,F,BCS502,COMPUTER NETWORTKS,34,12,46,1,F,BCS503,THEORY OF COMPUTATION,28,22,50,1,P,BAIL504,DATA VISUALIZATION LAB,45,48,93,1,P,BIS586,MINI PROJECT,94,0,94,1,P,BRMK557, RESEARCH METHODOLOGY AND IPR,43,21,64,1,P,BCS508,ENVIRONMENTAL STUDIES AND E-WASTE MANAGEMENT,44,36,80,1,P,BCS515D, DISTRIBUTED SYSTEMS,31,27,58,1,P,BPRK559,PHYSICAL EDUCATION,96,0,96,1,P,26-01-2026,5.91
5,1CR24IS409,BCS501, SOFTWARE ENGINEERING AND PROJECT MANAGEMENT,24,21,45,1,P,BCS502,COMPUTER NETWORTKS,26,18,44,1,P,BCS503,THEORY OF COMPUTATION,22,26,48,1,P,BAIL504,DATA VISUALIZATION LAB,45,45,90,1,P,BIS586,MINI PROJECT,88,0,88,1,P,BRMK557, RESEARCH METHODOLOGY AND IPR,25,28,53,1,P,BCS508,ENVIRONMENTAL STUDIES AND E-WASTE MANAGEMENT,22,33,55,1,P,BCS515D, DISTRIBUTED SYSTEMS,24,26,50,1,P,BPRK559,PHYSICAL EDUCATION,60,0,60,1,P,26-01-2026,5.09
5,1CR24IS410,BCS501, SOFTWARE ENGINEERING AND PROJECT MANAGEMENT,39,21,60,1,P,BCS502,COMPUTER NETWORTKS,41,19,60,1,P,BCS503,THEORY OF COMPUTATION,41,34,75,1,P,BAIL504,DATA VISUALIZATION LAB,46,49,95,1,P,BIS586,MINI PROJECT,95,0,95,1,P,BRMK557, RESEARCH METHODOLOGY AND IPR,29,24,53,1,P,BCS508,ENVIRONMENTAL STUDIES AND E-WASTE MANAGEMENT,36,33,69,1,P,BCS515D, DISTRIBUTED SYSTEMS,27,31,58,1,P,BPRK559,PHYSICAL EDUCATION,80,0,80,1,P,26-01-2026,7.18
5,1CR24IS411,BCS501, SOFTWARE ENGINEERING AND PROJECT MANAGEMENT,39,25,64,1,P,BCS502,COMPUTER NETWORTKS,37,27,64,1,P,BCS503,THEORY OF COMPUTATION,35,22,57,1,P,BAIL504,DATA VISUALIZATION LAB,45,46,91,1,P,BIS586,MINI PROJECT,66,0,66,1,P,BRMK557, RESEARCH METHODOLOGY AND IPR,41,18,59,1,P,BCS508,ENVIRONMENTAL STUDIES AND E-WASTE MANAGEMENT,42,29,71,1,P,BCS515D, DISTRIBUTED SYSTEMS,32,31,63,1,P,BPRK559,PHYSICAL EDUCATION,81,0,81,1,P,26-01-2026,6.86
5,1CR24IS412,BCS501, SOFTWARE ENGINEERING AND PROJECT MANAGEMENT,37,27,64,1,P,BCS502,COMPUTER NETWORTKS,36,25,61,1,P,BCS503,THEORY OF COMPUTATION,33,27,60,1,P,BAIL504,DATA VISUALIZATION LAB,47,47,94,1,P,BIS586,MINI PROJECT,92,0,92,1,P,BRMK557, RESEARCH METHODOLOGY AND IPR,42,35,77,1,P,BCS508,ENVIRONMENTAL STUDIES AND E-WASTE MANAGEMENT,32,27,59,1,P,BCS515D, DISTRIBUTED SYSTEMS,30,28,58,1,P,BPRK559,PHYSICAL EDUCATION,77,0,77,1,P,26-01-2026,7.36
5,1CR24IS413,BCS501, SOFTWARE ENGINEERING AND PROJECT MANAGEMENT,38,28,66,1,P,BCS502,COMPUTER NETWORTKS,41,21,62,1,P,BCS503,THEORY OF COMPUTATION,33,29,62,1,P,BAIL504,DATA VISUALIZATION LAB,45,45,90,1,P,BIS586,MINI PROJECT,94,0,94,1,P,BRMK557, RESEARCH METHODOLOGY AND IPR,45,35,80,1,P,BCS508,ENVIRONMENTAL STUDIES AND E-WASTE MANAGEMENT,44,25,69,1,P,BCS515D, DISTRIBUTED SYSTEMS,40,35,75,1,P,BPRK559,PHYSICAL EDUCATION,80,0,80,1,P,26-01-2026,7.82
5,1CR24IS414,BCS501, SOFTWARE ENGINEERING AND PROJECT MANAGEMENT,42,18,60,1,P,BCS502,COMPUTER NETWORTKS,39,12,51,1,F,BCS503,THEORY OF COMPUTATION,31,21,52,1,P,BAIL504,DATA VISUALIZATION LAB,44,48,92,1,P,BIS586,MINI PROJECT,64,0,64,1,P,BRMK557, RESEARCH METHODOLOGY AND IPR,45,35,80,1,P,BCS508,ENVIRONMENTAL STUDIES AND E-WASTE MANAGEMENT,42,26,68,1,P,BCS515D, DISTRIBUTED SYSTEMS,37,25,62,1,P,BPRK559,PHYSICAL EDUCATION,80,0,80,1,P,26-01-2026,6.68
5,1CR24IS415,BCS501, SOFTWARE ENGINEERING AND PROJECT MANAGEMENT,27,18,45,1,P,BCS502,COMPUTER NETWORTKS,36,21,57,1,P,BCS503,THEORY OF COMPUTATION,23,27,50,1,P,BAIL504,DATA VISUALIZATION LAB,45,29,74,1,P,BIS586,MINI PROJECT,88,0,88,1,P,BRMK557, RESEARCH METHODOLOGY AND IPR,27,18,45,1,P,BCS508,ENVIRONMENTAL STUDIES AND E-WASTE MANAGEMENT,28,20,48,1,P,BCS515D, DISTRIBUTED SYSTEMS,23,22,45,1,P,BPRK559,PHYSICAL EDUCATION,87,0,87,1,P,26-01-2026,5.18
5,1CR24IS416,BCS501, SOFTWARE ENGINEERING AND PROJECT MANAGEMENT,28,18,46,1,P,BCS502,COMPUTER NETWORTKS,29,9,38,1,F,BCS503,THEORY OF COMPUTATION,24,28,52,1,P,BAIL504,DATA VISUALIZATION LAB,41,46,87,1,P,BIS586,MINI PROJECT,74,0,74,1,P,BRMK557, RESEARCH METHODOLOGY AND IPR,23,35,58,1,P,BCS508,ENVIRONMENTAL STUDIES AND E-WASTE MANAGEMENT,36,22,58,1,P,BCS515D, DISTRIBUTED SYSTEMS,22,19,41,1,P,BPRK559,PHYSICAL EDUCATION,81,0,81,1,P,26-01-2026,4.41